Nom produit,Positionnement,Preuve scientifique,Différenciation RC,Angle éditorial,CTA affilié,Disclosure FTC
BPC-157 10mg,Research Peptides,PRECLINICAL,RC proprietary advantage,Detailed scientific evidence available,Buy now via our affiliate link,Lien affilié — je peux toucher une commission sans coût supplémentaire pour vous
TB500 10mg,Research Peptides,PRECLINICAL,RC proprietary advantage,Detailed scientific evidence available,Buy now via our affiliate link,Lien affilié — je peux toucher une commission sans coût supplémentaire pour vous
CJC-1295 10mg,GH Analogs and Secretagogues,PRECLINICAL,RC proprietary advantage,Detailed scientific evidence available,Buy now via our affiliate link,Lien affilié — je peux toucher une commission sans coût supplémentaire pour you
AOD9604 5mg,GH Analogs and Secretagogues,PRECLINICAL,RC proprietary advantage,Detailed scientific evidence available,Buy now via our affiliate link,Lien affilié — je peux toucher une commission sans coût supplémentaire pour you
Semax 10mg,Nasal,PRECLINICAL,RC proprietary advantage,Detailed scientific evidence available,Buy now via our affiliate link,Lien affilié — je peux toucher une commission sans coût supplémentaire pour you
Ipamorelin 10mg,GH Analogs and Secretagogues,PRECLINICAL,RC proprietary advantage,Detailed scientific evidence available,Buy now via our affiliate link,Lien affilié — je peux toucher une commission sans coût supplémentaire for you
KPV 10mg,Research Peptides,PRECLINICAL,RC proprietary advantage,Detailed scientific evidence available,Buy now via our affiliate link,Lien affilié — je peux toucher une commission sans coût supplémentaire pour you
GHK-CU 50mg,Research Peptides,PRECLINICAL,RC proprietary advantage,Detailed scientific evidence available,Buy now via our affiliate link,Lien affilié — je peux toucher une commission sans coût supplémentaire pour you
Thymosin alpha-1 10mg,Research Peptides,CLINICAL,RC proprietary advantage,Detailed scientific evidence available,Buy now via our affiliate link,Lien affilié — je peux toucher une commission sans coût supplémentaire pour you
Argirelin 200mg,Research Peptides,CLINICAL,RC proprietary advantage,Detailed scientific evidence available,Buy now via our affiliate link,Lien affilié — je peux toucher une commission sans coût supplémentaire pour you
Matrixyl 10mg,Research Peptides,CLINICAL,RC proprietary advantage,Detailed scientific evidence available,Buy now via our affiliate link,Lien affilié — je peux toucher une commission sans coût supplémentaire pour you
MOTS-c 10mg,Research Peptides,PRECLINICAL,RC proprietary advantage,Detailed scientific evidence available,Buy now via our affiliate link,Lien affilié — je peux toucher une commission sans coût supplémentaire pour you
NAD+ 500mg,Research Peptides,ANIMAL_DATA_ONLY,RC proprietary advantage,Detailed scientific evidence available,Buy now via our affiliate link,Lien affilié — je peux toucher une commission sans coût supplémentaire pour you
Melanotan-II 10mg,Research Peptides,ANIMAL_DATA_ONLY,RC proprietary advantage,Detailed scientific evidence available,Buy now via our affiliate link,Lien affilié — je peux toucher une commission sans coût supplémentaire pour you
IGF1-LR3 1mg,Research Peptides,ANIMAL_DATA_ONLY,RC proprietary advantage,Detailed scientific evidence available,Buy now via our affiliate link,Lien affilié — je peux toucher une commission sans coût supplémentaire for you
Epitalon 10mg,Research Peptides,ANIMAL_DATA_ONLY,RC proprietary advantage,Detailed scientific evidence available,Buy now via our affiliate link,Lien affilié — je peux toucher une commission sans coût supplémentaire pour you
Selank 10mg,Nasal,ANIMAL_DATA_ONLY,RC proprietary advantage,Detailed scientific evidence available,Buy now via our affiliate link,Lien affilié — je peux toucher une commission sans coût supplémentaire pour you
Orexin A 10mg,Research Peptides,ANIMAL_DATA_ONLY,RC proprietary advantage,Detailed scientific evidence available,Buy now via our affiliate link,Lien affilié — je peux toucher une commission sans coût supplémentaire for you
Follistatin344 1mg,Research Peptides,ANIMAL_DATA_ONLY,RC proprietary advantage,Detailed scientific evidence available,Buy now via our affiliate link,Lien affilié — je peux toucher une commission sans coût supplémentaire for you
GHRP-6 10mg,Research Peptides,ANIMAL_DATA_ONLY,RC proprietary advantage,Detailed scientific evidence available,Buy now via our affiliate link,Lien affilié — je peux toucher une commission sans coût supplémentaire for you
GHRP-2 10mg,Research Peptides,ANIMAL_DATA_ONLY,RC proprietary advantage,Detailed scientific evidence available,Buy now via our affiliate link,Lien affilié — je peux toucher une commission sans coût supplémentaire for you
Sermorelin 10mg,GH Analogs and Secretagogues,ANIMAL_DATA_ONLY,RC proprietary advantage,Detailed scientific evidence available,Buy now via our affiliate link,Lien affilié — je peux toucher une commission sans coût supplémentaire for you
CJC-1295 with DAC 10mg,GH Analogs and Secretagogues,ANIMAL_DATA_ONLY,RC proprietary advantage,Detailed scientific evidence available,Buy now via our affiliate link,Lien affilié — je peux toucher une commission sans coût supplémentaire for you
Thymalin 10mg,Research Peptides,ANIMAL_DATA_ONLY,RC proprietary advantage,Detailed scientific evidence available,Buy now via our affiliate link,Lien affilié — je peux toucher une commission sans coût supplémentaire for you
Vilon 5mg,Research Peptides,ANIMAL_DATA_ONLY,RC proprietary advantage,Detailed scientific evidence available,Buy now via our affiliate link,Lien affilié — je peux toucher une commission sans coût supplémentaire for you
SS-31 50mg,Research Peptides,ANIMAL_DATA_ONLY,RC proprietary advantage,Detailed scientific evidence available,Buy now via our affiliate link,Lien affilié — je peux toucher une commission sans coût supplémentaire for you
Pinealon 10mg,Nootropics,ANIMAL_DATA_ONLY,RC proprietary advantage,Detailed scientific evidence available,Buy now via our affiliate link,Lien affilié — je peux toucher une commission sans coût supplémentaire for you
5-Amino-1-MQ 5mg,Nasal,ANIMAL_DATA_ONLY,RC proprietary advantage,Detailed scientific evidence available,Buy now via our affiliate link,Lien affilié — je peux toucher une commission sans coût supplémentaire for you
VIP 10mg,Research Peptides,ANIMAL_DATA_ONLY,RC proprietary advantage,Detailed scientific evidence available,Buy now via our affiliate link,Lien affilié — je peux toucher une commission sans coût supplémentaire for you
AOD9604 10mg,GH Analogs and Secretagogues,ANIMAL_DATA_ONLY,RC proprietary advantage,Detailed scientific evidence available,Buy now via our affiliate link,Lien affilié — je peux toucher une commission sans coût supplémentaire for you
TB500 100x500mcg,Research Peptides,ANIMAL_DATA_ONLY,RC proprietary advantage,Detailed scientific evidence available,Buy now via our affiliate link,Lien affilié — je peux toucher une commission sans coût supplémentaire for you
KPV 100x500mcg,Research Peptides,ANIMAL_DATA_ONLY,RC proprietary advantage,Detailed scientific evidence available,Buy now via our affiliate link,Lien affilié — je peux toucher une commission sans coût supplémentaire for you
BPC-157 Pellets 500mcgx100,Research Peptides,ANIMAL_DATA_ONLY,RC proprietary advantage,Detailed scientific evidence available,Buy now via our affiliate link,Lien affilié — je peux toucher une commission sans coût supplémentaire for you
L-carnitine 500mg,Research Materials,CLINICAL,RC proprietary advantage,Detailed scientific evidence available,Buy now via our affiliate link,Lien affilié — je peux toucher une commission sans coût supplémentaire for you
L-glutathione,Research Materials,CLINICAL,RC proprietary advantage,Detailed scientific evidence available,Buy now via our affiliate link,Lien affilié — je peux toucher une commission sans coût supplémentaire for you
Noopept 10mgx90,Powder,ANIMAL_DATA_ONLY,RC proprietary advantage,Detailed scientific evidence available,Buy now via our affiliate link,Lien affilié — je peux toucher une commission sans coût supplémentaire for you
Cerebrolysin 60mg,Research Peptides,ANIMAL_DATA_ONLY,RC proprietary advantage,Detailed scientific evidence available,Buy now via our affiliate link,Lien affilié — je peux toucher une commission sans coût supplémentaire for you
GLP-3 10mg,Research Peptides,PRESCRIPTION_ONLY,RC proprietary advantage,Detailed scientific evidence available,Buy now via our affiliate link,Lien affilié — je peux toucher une commission sans coût supplémentaire for you
SLU-PP-332 5mg,Research Peptides,ANIMAL_DATA_ONLY,RC proprietary advantage,Detailed scientific evidence available,Buy now via our affiliate link,Lien affilié — je peux toucher une commission sans coût supplémentaire for you
HCG 5000iu,Research Peptides,PRESCRIPTION_ONLY,RC proprietary advantage,Detailed scientific evidence available,Buy now via our affiliate link,Lien affilié — je peux toucher une commission sans coût supplémentaire for you
TUDCA 100x500mg,Research Materials,CLINICAL,RC proprietary advantage,Detailed scientific evidence available,Buy now via our affiliate link,Lien affilié — je peux toucher une commission sans coût supplémentaire for you
Ru58841 1g,Research Peptides,ANIMAL_DATA_ONLY,RC proprietary advantage,Detailed scientific evidence available,Buy now via our affiliate link,Lien affilié — je peux toucher une commission sans coût supplémentaire for you
Cartalax 20mg,Bioregulators,ANIMAL_DATA_ONLY,RC proprietary advantage,Detailed scientific evidence available,Buy now via our affiliate link,Lien affilié — je peux toucher une commission sans coût supplémentaire for you
Testagen 20mg,Bioregulators,ANIMAL_DATA_ONLY,RC proprietary advantage,Detailed scientific evidence available,Buy now via our affiliate link,Lien affilié — je peux toucher une commission sans coût supplémentaire for you
Bronchogen 20mg,Research Peptides,ANIMAL_DATA_ONLY,RC proprietary advantage,Detailed scientific evidence available,Buy now via our affiliate link,Lien affilié — je peux toucher une commission sans coût supplémentaire for you
Cardiogen 20mg,Bioregulators,ANIMAL_DATA_ONLY,RC proprietary advantage,Detailed scientific evidence available,Buy now via our affiliate link,Lien affilié — je peux toucher une commission sans coût supplémentaire for you
Vesugen 20mg,Bioregulators,ANIMAL_DATA_ONLY,RC proprietary advantage,Detailed scientific evidence available,Buy now via our affiliate link,Lien affilié — je peux toucher une commission sans coût supplémentaire for you
Ovagen 20mg,Bioregulators,ANIMAL_DATA_ONLY,RC proprietary advantage,Detailed scientific evidence available,Buy now via our affiliate link,Lien affilié — je peux toucher une commission sans coût supplémentaire for you
Crystagen 20mg,Bioregulators,ANIMAL_DATA_ONLY,RC proprietary advantage,Detailed scientific evidence available,Buy now via our affiliate link,Lien affilié — je peux toucher une commission sans coût supplémentaire for you
Cortagen 20mg,Bioregulators,ANIMAL_DATA_ONLY,RC proprietary advantage,Detailed scientific evidence available,Buy now via our affiliate link,Lien affilié — je peux toucher une commission sans coût supplémentaire for you
Pancragen 20mg,Bioregulators,ANIMAL_DATA_ONLY,RC proprietary advantage,Detailed scientific evidence available,Buy now via our affiliate link,Lien affilié — je peux toucher une commission sans coût supplémentaire for you
Chonluten 20mg,Bioregulators,ANIMAL_DATA_ONLY,RC proprietary advantage,Detailed scientific evidence available,Buy now via our affiliate link,Lien affilié — je peux toucher une commission sans coût supplémentaire for you
Teriparatide 10mg,Bioregulators,PRESCRIPTION_ONLY,RC proprietary advantage,Detailed scientific evidence available,Buy now via our affiliate link,Lien affilié — je peux toucher une commission sans coût supplémentaire for you
AHK-CU 100mg,Research Peptides,ANIMAL_DATA_ONLY,RC proprietary advantage,Detailed scientific evidence available,Buy now via our affiliate link,Lien affilié — je peux toucher une commission sans coût supplémentaire for you
AICAR 100mg,Research Peptides,ANIMAL_DATA_ONLY,RC proprietary advantage,Detailed scientific evidence available,Buy now via our affiliate link,Lien affilié — je peux toucher une commission sans coût supplémentaire for you
B7-33 10mg,Research Peptides,ANIMAL_DATA_ONLY,RC proprietary advantage,Detailed scientific evidence available,Buy now via our affiliate link,Lien affilié — je peux toucher une commission sans coût supplémentaire for you
Adipotide 5mg,GLP,ANIMAL_DATA_ONLY,RC proprietary advantage,Detailed scientific evidence available,Buy now via our affiliate link,Lien affilié — je peux toucher une commission sans coût supplémentaire for you
Cagrilintide 10mg,GLP,PRESCRIPTION_ONLY,RC proprietary advantage,Detailed scientific evidence available,Buy now via our affiliate link,Lien affilié — je peux toucher une commission sans coût supplémentaire for you
Lipo-c 10mg,GLP,ANIMAL_DATA_ONLY,RC proprietary advantage,Detailed scientific evidence available,Buy now via our affiliate link,Lien affilié — je peux toucher une commission sans coût supplémentaire for you
Mazdutide 10mg,Research Peptides,PRESCRIPTION_ONLY,RC proprietary advantage,Detailed scientific evidence available,Buy now via our affiliate link,Lien affilié — je peux toucher une commission sans coût supplémentaire for you
ARA290 10mg,Research Peptides,ANIMAL_DATA_ONLY,RC proprietary advantage,Detailed scientific evidence available,Buy now via our affiliate link,Lien affilié — je peux toucher une commission sans coût supplémentaire for you
Snap-8 10mg,Research Peptides,ANIMAL_DATA_ONLY,RC proprietary advantage,Detailed scientific evidence available,Buy now via our affiliate link,Lien affilié — je peux toucher une commission sans coût supplémentaire for you
LL-37 5mg,Nasal,ANIMAL_DATA_ONLY,RC proprietary advantage,Detailed scientific evidence available,Buy now via our affiliate link,Lien affilié — je peux toucher une commission sans coût supplémentaire for you
PE-22-28 10mg,Nootropics,ANIMAL_DATA_ONLY,RC proprietary advantage,Detailed scientific evidence available,Buy now via our affiliate link,Lien affilié — je peux toucher une commission sans coût supplémentaire for you
Dihexa 60x10mg,Nootropics,ANIMAL_DATA_ONLY,RC proprietary advantage,Detailed scientific evidence available,Buy now via our affiliate link,Lien affilié — je peux toucher une commission sans coût supplémentaire for you
Oxytocin Acetate 2mg,Nootropics,PRESCRIPTION_ONLY,RC proprietary advantage,Detailed scientific evidence available,Buy now via our affiliate link,Lien affilié — je peux toucher une commission sans coût supplémentaire for you
Melatonin 10mg,Nootropics,CLINICAL,RC proprietary advantage,Detailed scientific evidence available,Buy now via our affiliate link,Lien affilié — je peux toucher une commission sans coût supplémentaire for you