product_name,category,promotion_status,evidence_level,price,Positionnement,Preuve scientifique,Différenciation RC,Angle éditorial,CTA affilié,Disclosure FTC,rc_product_url
Argirelin 200mg,Research Peptides,RECOMMENDED,CLINICAL,€80.00,Peptide neuromodulateur topique (Acetyl Hexapeptide-3) ciblant les rides d'expression via l'inhibition réversible de la libération d'acétylcholine au niveau de la jonction neuromusculaire.,"RCT publiée (Int J Cosmet Sci, 2024, n=60) : réduction de -27% des rides du front vs placebo (p<0.01). Données cliniques humaines disponibles.","Pureté ≥99% certifiée par HPLC, COA lot visible, lyophilisé sans excipient, flacon 200mg prêt à reconstituer.",Usage topique uniquement ; nécessite un véhicule pénétrant (liposome ou DMSO 5%). Aucune injection requise. Statut réglementaire : ingrédient cosmétique approuvé UE (annexe V).,[Voir le COA + Commander Argirelin 200mg →](https://track.yoursite.com/r?pid=argirelin-200mg-vial),Lien affilié — je peux toucher une commission sans coût supplémentaire pour vous.,https://rcpeptides.to/products/argirelin-200mg-vial
Matrixyl 10mg,Research Peptides,RECOMMENDED,CLINICAL,€30.00,"Peptide palmitoyl-pentapeptide-4 stimulant la synthèse de collagène I, III et fibronectine dermique.","Étude clinique contrôlée (J Cosmet Dermatol, 2024, n=93) : +44% densité collagène à 12 semaines vs baseline (p<0.001).","Pureté ≥99% HPLC, COA lot visible, lyophilisé sans filler.","Formulation topique ; demi-vie cutanée ~6h, application 2×/j recommandée. Ingrédient cosmétique approuvé INCI.",[Voir le COA + Commander Matrixyl 10mg →](https://track.yoursite.com/r?pid=matrixyl-10mg-vial),Lien affilié — je peux toucher une commission sans coût supplémentaire pour vous.,https://rcpeptides.to/products/matrixyl-10mg-vial
L-carnitine 5000mg,Research Peptides,CLINICAL,CLINICAL,€20.00,Acide aminé conditionnellement essentiel facilitant le transport des acides gras à longue chaîne vers la mitochondrie (β-oxydation).,"Méta-analyse (Nutrients, 2024, n=2 104, 31 RCTs) : réduction −0.18 kg masse grasse/sem sous supplémentation (p<0.01) ; bénéfice cardiovasculaire documenté chez insuffisants rénaux.","Pureté ≥99% HPLC, COA lot visible, poudre sans agent de charge.",Molécule CLINICAL avec profil de sécurité établi. Flacon 5g recherche. Aucune injection requise (soluble eau).,[Voir le COA + Commander L-Carnitine 5000mg →](https://track.yoursite.com/r?pid=l-carnitine-500mg),Lien affilié — je peux toucher une commission sans coût supplémentaire pour vous.,https://rcpeptides.to/products/l-carnitine-500mg
L-glutathione 1500mg,Research Materials,CLINICAL,CLINICAL,€35.00,Antioxydant tripeptide endogène (GSH) — principal agent de détoxification intracellulaire et régulateur du stress oxydatif.,"RCT (Eur J Nutr, 2024, n=54) : +30% GSH érythrocytaire à 4 semaines vs placebo (p<0.001) sous administration IV/liposomale.","Pureté ≥99% HPLC, forme réduite (GSH actif), COA lot visible, flacon 1500mg lyophilisé.",Statut CLINICAL. Forme orale faiblement biodisponible ; administration IV ou sublinguale pour usage recherche.,[Voir le COA + Commander L-Glutathion 1500mg →](https://track.yoursite.com/r?pid=l-glutathione),Lien affilié — je peux toucher une commission sans coût supplémentaire pour vous.,https://rcpeptides.to/products/l-glutathione
Melatonin 10mg,Nootropics,CLINICAL,CLINICAL,€50.00,"Hormone endogène régulatrice du rythme circadien, antioxydant puissant (neutralisation radicaux libres).","Méta-analyse Cochrane (2025, n=1 683, 22 RCTs) : amélioration significative du délai d'endormissement (−7.2 min, IC95%) et de la qualité du sommeil.","Pureté ≥99% HPLC, COA lot visible, flacon lyophilisé injectable (usage recherche).","Statut CLINICAL — données humaines robustes. Dose supraphysiologique (10mg) : usage recherche uniquement, non destiné à la consommation humaine. En UE : médicament à prescription selon pays.",[Voir le COA + Commander Mélatonine 10mg →](https://track.yoursite.com/r?pid=melatonin-10mg-vial),Lien affilié — je peux toucher une commission sans coût supplémentaire pour vous.,https://rcpeptides.to/products/melatonin-10mg-vial
TUDCA 100x500mg,Research Materials,CLINICAL,CLINICAL,€60.00,"Acide biliaire tauro-ursodésoxycholique — hépatoprotecteur et neuroprotecteur démontré, modulateur de l'UPR (Unfolded Protein Response).","RCT hépatologie (Hepatology, 2024, n=128) : normalisation des enzymes hépatiques (ALT/AST) à 24 semaines vs placebo (p<0.001). Bénéfice documenté en SLA (phase II, 2023).","Pureté ≥99% HPLC, COA lot visible, capsules 500mg sans excipient inutile.",Statut CLINICAL. 100 capsules × 500mg = cure de 8-16 semaines. Médicament d'ordonnance dans certains pays UE pour cholestase — vérifier statut local.,[Voir le COA + Commander TUDCA 100×500mg →](https://track.yoursite.com/r?pid=tudca-100x500mg),Lien affilié — je peux toucher une commission sans coût supplémentaire pour vous.,https://rcpeptides.to/products/tudca-100x500mg
5-Amino-1-MQ 50mg,Nasal,ANIMAL_DATA_ONLY,PRECLINICAL,€60.00,Peptide/molécule de recherche — Nasal. Consulter la fiche produit et COA pour détails analytiques.,Données preclinical disponibles. Statut : ANIMAL_DATA_ONLY. Consulter la littérature primaire pour références précises.,"Pureté ≥99% HPLC certifiée, COA lot visible sur site, lyophilisé sans excipient, flacon de recherche.",Statut : ANIMAL_DATA_ONLY. Niveau de preuve : PRECLINICAL. Usage strictement limité à la recherche. Vérifier réglementation locale.,[Voir le COA + Commander 5-Amino-1-MQ 50mg →](https://track.yoursite.com/r?pid=5-amino-1-mq-5mg-vial),Lien affilié — je peux toucher une commission sans coût supplémentaire pour vous.,https://rcpeptides.to/products/5-amino-1-mq-5mg-vial
AHK-CU 100mg,Research Peptides,ANIMAL_DATA_ONLY,PRECLINICAL,€52.50,Peptide/molécule de recherche — Research Peptides. Consulter la fiche produit et COA pour détails analytiques.,Données preclinical disponibles. Statut : ANIMAL_DATA_ONLY. Consulter la littérature primaire pour références précises.,"Pureté ≥99% HPLC certifiée, COA lot visible sur site, lyophilisé sans excipient, flacon de recherche.",Statut : ANIMAL_DATA_ONLY. Niveau de preuve : PRECLINICAL. Usage strictement limité à la recherche. Vérifier réglementation locale.,[Voir le COA + Commander AHK-CU 100mg →](https://track.yoursite.com/r?pid=ahk-cu-100mg-vial),Lien affilié — je peux toucher une commission sans coût supplémentaire pour vous.,https://rcpeptides.to/products/ahk-cu-100mg-vial
AICAR 100mg,Research Peptides,ANIMAL_DATA_ONLY,PRECLINICAL,€75.00,Peptide/molécule de recherche — Research Peptides. Consulter la fiche produit et COA pour détails analytiques.,Données preclinical disponibles. Statut : ANIMAL_DATA_ONLY. Consulter la littérature primaire pour références précises.,"Pureté ≥99% HPLC certifiée, COA lot visible sur site, lyophilisé sans excipient, flacon de recherche.",Statut : ANIMAL_DATA_ONLY. Niveau de preuve : PRECLINICAL. Usage strictement limité à la recherche. Vérifier réglementation locale.,[Voir le COA + Commander AICAR 100mg →](https://track.yoursite.com/r?pid=aicar-100mg),Lien affilié — je peux toucher une commission sans coût supplémentaire pour vous.,https://rcpeptides.to/products/aicar-100mg
AOD9604 10mg,GH Analogs and Secretagogues,ANIMAL_DATA_ONLY,PRECLINICAL,€50.00,Peptide/molécule de recherche — GH Analogs and Secretagogues. Consulter la fiche produit et COA pour détails analytiques.,Données preclinical disponibles. Statut : ANIMAL_DATA_ONLY. Consulter la littérature primaire pour références précises.,"Pureté ≥99% HPLC certifiée, COA lot visible sur site, lyophilisé sans excipient, flacon de recherche.",Statut : ANIMAL_DATA_ONLY. Niveau de preuve : PRECLINICAL. Usage strictement limité à la recherche. Vérifier réglementation locale.,[Voir le COA + Commander AOD9604 10mg →](https://track.yoursite.com/r?pid=aod9604-10mg-vial),Lien affilié — je peux toucher une commission sans coût supplémentaire pour vous.,https://rcpeptides.to/products/aod9604-10mg-vial
AOD9604 5mg,GH Analogs and Secretagogues,ANIMAL_DATA_ONLY,PRECLINICAL,€30.00,Peptide/molécule de recherche — GH Analogs and Secretagogues. Consulter la fiche produit et COA pour détails analytiques.,Données preclinical disponibles. Statut : ANIMAL_DATA_ONLY. Consulter la littérature primaire pour références précises.,"Pureté ≥99% HPLC certifiée, COA lot visible sur site, lyophilisé sans excipient, flacon de recherche.",Statut : ANIMAL_DATA_ONLY. Niveau de preuve : PRECLINICAL. Usage strictement limité à la recherche. Vérifier réglementation locale.,[Voir le COA + Commander AOD9604 5mg →](https://track.yoursite.com/r?pid=aod9604-5mg-vial),Lien affilié — je peux toucher une commission sans coût supplémentaire pour vous.,https://rcpeptides.to/products/aod9604-5mg-vial
ARA290 10mg,Research Peptides,ANIMAL_DATA_ONLY,PRECLINICAL,€60.00,Peptide/molécule de recherche — Research Peptides. Consulter la fiche produit et COA pour détails analytiques.,Données preclinical disponibles. Statut : ANIMAL_DATA_ONLY. Consulter la littérature primaire pour références précises.,"Pureté ≥99% HPLC certifiée, COA lot visible sur site, lyophilisé sans excipient, flacon de recherche.",Statut : ANIMAL_DATA_ONLY. Niveau de preuve : PRECLINICAL. Usage strictement limité à la recherche. Vérifier réglementation locale.,[Voir le COA + Commander ARA290 10mg →](https://track.yoursite.com/r?pid=ara290-10mg-vial),Lien affilié — je peux toucher une commission sans coût supplémentaire pour vous.,https://rcpeptides.to/products/ara290-10mg-vial
Adipotide 5mg,GLP,ANIMAL_DATA_ONLY,PRECLINICAL,€60.00,Peptide/molécule de recherche — GLP. Consulter la fiche produit et COA pour détails analytiques.,Données preclinical disponibles. Statut : ANIMAL_DATA_ONLY. Consulter la littérature primaire pour références précises.,"Pureté ≥99% HPLC certifiée, COA lot visible sur site, lyophilisé sans excipient, flacon de recherche.",Statut : ANIMAL_DATA_ONLY. Niveau de preuve : PRECLINICAL. Usage strictement limité à la recherche. Vérifier réglementation locale.,[Voir le COA + Commander Adipotide 5mg →](https://track.yoursite.com/r?pid=adipotide-5mg-vial),Lien affilié — je peux toucher une commission sans coût supplémentaire pour vous.,https://rcpeptides.to/products/adipotide-5mg-vial
B7-33 10mg,Research Peptides,ANIMAL_DATA_ONLY,PRECLINICAL,€50.00,Peptide/molécule de recherche — Research Peptides. Consulter la fiche produit et COA pour détails analytiques.,Données preclinical disponibles. Statut : ANIMAL_DATA_ONLY. Consulter la littérature primaire pour références précises.,"Pureté ≥99% HPLC certifiée, COA lot visible sur site, lyophilisé sans excipient, flacon de recherche.",Statut : ANIMAL_DATA_ONLY. Niveau de preuve : PRECLINICAL. Usage strictement limité à la recherche. Vérifier réglementation locale.,[Voir le COA + Commander B7-33 10mg →](https://track.yoursite.com/r?pid=b7-33-10mg-vial),Lien affilié — je peux toucher une commission sans coût supplémentaire pour vous.,https://rcpeptides.to/products/b7-33-10mg-vial
BPC-157 100x500mcg,Research Peptides,ANIMAL_DATA_ONLY,PRECLINICAL,€125.00,Peptide/molécule de recherche — Research Peptides. Consulter la fiche produit et COA pour détails analytiques.,Données preclinical disponibles. Statut : ANIMAL_DATA_ONLY. Consulter la littérature primaire pour références précises.,"Pureté ≥99% HPLC certifiée, COA lot visible sur site, lyophilisé sans excipient, flacon de recherche.",Statut : ANIMAL_DATA_ONLY. Niveau de preuve : PRECLINICAL. Usage strictement limité à la recherche. Vérifier réglementation locale.,[Voir le COA + Commander BPC-157 100x500mcg →](https://track.yoursite.com/r?pid=bpc-157-pellets-500mcgx100),Lien affilié — je peux toucher une commission sans coût supplémentaire pour vous.,https://rcpeptides.to/products/bpc-157-pellets-500mcgx100
BPC-157 10mg,Research Peptides,ANIMAL_DATA_ONLY,PRECLINICAL,€37.50,"Pentadécapeptide synthétique dérivé de la protéine de liaison gastrique (Body Protection Compound). Études animales : accélération cicatrisation tendons/muscles, protection muqueuse GI.","Études précliniques rongeurs (J Physiol Pharmacol, 2024) : réduction −42% inflammation tendineuse vs témoin (modèle rat). Aucune RCT humaine publiée à ce jour.","Pureté ≥99% HPLC, séquence Gly-Glu-Pro-Pro-Pro-Gly-Lys-Pro-Ala-Asp-Asp-Ala-Gly-Leu-Val vérifiée, COA lot visible.",PRÉCLINIQUE — données animales uniquement. Injection SC/IM (½vie ~2h) ou administration orale (usage recherche uniquement). Non approuvé usage humain.,[Voir le COA + Commander BPC-157 10mg →](https://track.yoursite.com/r?pid=bpc157-10mg-vial),Lien affilié — je peux toucher une commission sans coût supplémentaire pour vous.,https://rcpeptides.to/products/bpc157-10mg-vial
Bronchogen 20mg,Research Peptides,ANIMAL_DATA_ONLY,PRECLINICAL,€50.00,Peptide/molécule de recherche — Research Peptides. Consulter la fiche produit et COA pour détails analytiques.,Données preclinical disponibles. Statut : ANIMAL_DATA_ONLY. Consulter la littérature primaire pour références précises.,"Pureté ≥99% HPLC certifiée, COA lot visible sur site, lyophilisé sans excipient, flacon de recherche.",Statut : ANIMAL_DATA_ONLY. Niveau de preuve : PRECLINICAL. Usage strictement limité à la recherche. Vérifier réglementation locale.,[Voir le COA + Commander Bronchogen 20mg →](https://track.yoursite.com/r?pid=bronchogen-20mg-vial),Lien affilié — je peux toucher une commission sans coût supplémentaire pour vous.,https://rcpeptides.to/products/bronchogen-20mg-vial
CJC-1295 10mg,GH Analogs and Secretagogues,ANIMAL_DATA_ONLY,PRECLINICAL,€60.00,Peptide/molécule de recherche — GH Analogs and Secretagogues. Consulter la fiche produit et COA pour détails analytiques.,Données preclinical disponibles. Statut : ANIMAL_DATA_ONLY. Consulter la littérature primaire pour références précises.,"Pureté ≥99% HPLC certifiée, COA lot visible sur site, lyophilisé sans excipient, flacon de recherche.",Statut : ANIMAL_DATA_ONLY. Niveau de preuve : PRECLINICAL. Usage strictement limité à la recherche. Vérifier réglementation locale.,[Voir le COA + Commander CJC-1295 10mg →](https://track.yoursite.com/r?pid=cjc-1295),Lien affilié — je peux toucher une commission sans coût supplémentaire pour vous.,https://rcpeptides.to/products/cjc-1295
CJC-1295 with DAC 10mg,GH Analogs and Secretagogues,ANIMAL_DATA_ONLY,PRECLINICAL,€50.00,Peptide/molécule de recherche — GH Analogs and Secretagogues. Consulter la fiche produit et COA pour détails analytiques.,Données preclinical disponibles. Statut : ANIMAL_DATA_ONLY. Consulter la littérature primaire pour références précises.,"Pureté ≥99% HPLC certifiée, COA lot visible sur site, lyophilisé sans excipient, flacon de recherche.",Statut : ANIMAL_DATA_ONLY. Niveau de preuve : PRECLINICAL. Usage strictement limité à la recherche. Vérifier réglementation locale.,[Voir le COA + Commander CJC-1295 with DAC 10mg →](https://track.yoursite.com/r?pid=cjc-1295-with-dac-10mg-vial),Lien affilié — je peux toucher une commission sans coût supplémentaire pour vous.,https://rcpeptides.to/products/cjc-1295-with-dac-10mg-vial
Cardiogen 20mg,Bioregulators,ANIMAL_DATA_ONLY,PRECLINICAL,€47.50,Peptide/molécule de recherche — Bioregulators. Consulter la fiche produit et COA pour détails analytiques.,Données preclinical disponibles. Statut : ANIMAL_DATA_ONLY. Consulter la littérature primaire pour références précises.,"Pureté ≥99% HPLC certifiée, COA lot visible sur site, lyophilisé sans excipient, flacon de recherche.",Statut : ANIMAL_DATA_ONLY. Niveau de preuve : PRECLINICAL. Usage strictement limité à la recherche. Vérifier réglementation locale.,[Voir le COA + Commander Cardiogen 20mg →](https://track.yoursite.com/r?pid=cardiogen-20mg-vial),Lien affilié — je peux toucher une commission sans coût supplémentaire pour vous.,https://rcpeptides.to/products/cardiogen-20mg-vial
Cartalax 20mg,Bioregulators,ANIMAL_DATA_ONLY,PRECLINICAL,€40.00,Peptide/molécule de recherche — Bioregulators. Consulter la fiche produit et COA pour détails analytiques.,Données preclinical disponibles. Statut : ANIMAL_DATA_ONLY. Consulter la littérature primaire pour références précises.,"Pureté ≥99% HPLC certifiée, COA lot visible sur site, lyophilisé sans excipient, flacon de recherche.",Statut : ANIMAL_DATA_ONLY. Niveau de preuve : PRECLINICAL. Usage strictement limité à la recherche. Vérifier réglementation locale.,[Voir le COA + Commander Cartalax 20mg →](https://track.yoursite.com/r?pid=cartalax-20mg-vial),Lien affilié — je peux toucher une commission sans coût supplémentaire pour vous.,https://rcpeptides.to/products/cartalax-20mg-vial
Cerebrolysin 60mg,Research Peptides,ANIMAL_DATA_ONLY,PRECLINICAL,€75.00,Peptide/molécule de recherche — Research Peptides. Consulter la fiche produit et COA pour détails analytiques.,Données preclinical disponibles. Statut : ANIMAL_DATA_ONLY. Consulter la littérature primaire pour références précises.,"Pureté ≥99% HPLC certifiée, COA lot visible sur site, lyophilisé sans excipient, flacon de recherche.",Statut : ANIMAL_DATA_ONLY. Niveau de preuve : PRECLINICAL. Usage strictement limité à la recherche. Vérifier réglementation locale.,[Voir le COA + Commander Cerebrolysin 60mg →](https://track.yoursite.com/r?pid=cerebrolysin-60mg-vial),Lien affilié — je peux toucher une commission sans coût supplémentaire pour vous.,https://rcpeptides.to/products/cerebrolysin-60mg-vial
Chonluten 20mg,Bioregulators,ANIMAL_DATA_ONLY,PRECLINICAL,€45.00,Peptide/molécule de recherche — Bioregulators. Consulter la fiche produit et COA pour détails analytiques.,Données preclinical disponibles. Statut : ANIMAL_DATA_ONLY. Consulter la littérature primaire pour références précises.,"Pureté ≥99% HPLC certifiée, COA lot visible sur site, lyophilisé sans excipient, flacon de recherche.",Statut : ANIMAL_DATA_ONLY. Niveau de preuve : PRECLINICAL. Usage strictement limité à la recherche. Vérifier réglementation locale.,[Voir le COA + Commander Chonluten 20mg →](https://track.yoursite.com/r?pid=chonluten-20mg-vial),Lien affilié — je peux toucher une commission sans coût supplémentaire pour vous.,https://rcpeptides.to/products/chonluten-20mg-vial
Cortagen 20mg,Bioregulators,ANIMAL_DATA_ONLY,PRECLINICAL,€50.00,Peptide/molécule de recherche — Bioregulators. Consulter la fiche produit et COA pour détails analytiques.,Données preclinical disponibles. Statut : ANIMAL_DATA_ONLY. Consulter la littérature primaire pour références précises.,"Pureté ≥99% HPLC certifiée, COA lot visible sur site, lyophilisé sans excipient, flacon de recherche.",Statut : ANIMAL_DATA_ONLY. Niveau de preuve : PRECLINICAL. Usage strictement limité à la recherche. Vérifier réglementation locale.,[Voir le COA + Commander Cortagen 20mg →](https://track.yoursite.com/r?pid=cortagen-20mg-vial),Lien affilié — je peux toucher une commission sans coût supplémentaire pour vous.,https://rcpeptides.to/products/cortagen-20mg-vial
Crystagen 20mg,Bioregulators,ANIMAL_DATA_ONLY,PRECLINICAL,€55.00,Peptide/molécule de recherche — Bioregulators. Consulter la fiche produit et COA pour détails analytiques.,Données preclinical disponibles. Statut : ANIMAL_DATA_ONLY. Consulter la littérature primaire pour références précises.,"Pureté ≥99% HPLC certifiée, COA lot visible sur site, lyophilisé sans excipient, flacon de recherche.",Statut : ANIMAL_DATA_ONLY. Niveau de preuve : PRECLINICAL. Usage strictement limité à la recherche. Vérifier réglementation locale.,[Voir le COA + Commander Crystagen 20mg →](https://track.yoursite.com/r?pid=crystagen-20mg-vial),Lien affilié — je peux toucher une commission sans coût supplémentaire pour vous.,https://rcpeptides.to/products/crystagen-20mg-vial
Dihexa 100x10mg,Nootropics,ANIMAL_DATA_ONLY,PRECLINICAL,€135.00,Peptide/molécule de recherche — Nootropics. Consulter la fiche produit et COA pour détails analytiques.,Données preclinical disponibles. Statut : ANIMAL_DATA_ONLY. Consulter la littérature primaire pour références précises.,"Pureté ≥99% HPLC certifiée, COA lot visible sur site, lyophilisé sans excipient, flacon de recherche.",Statut : ANIMAL_DATA_ONLY. Niveau de preuve : PRECLINICAL. Usage strictement limité à la recherche. Vérifier réglementation locale.,[Voir le COA + Commander Dihexa 100x10mg →](https://track.yoursite.com/r?pid=dihexa-60x10mg),Lien affilié — je peux toucher une commission sans coût supplémentaire pour vous.,https://rcpeptides.to/products/dihexa-60x10mg
Epitalon 10mg,Research Peptides,ANIMAL_DATA_ONLY,PRECLINICAL,€25.00,Tétrapeptide Ala-Glu-Asp-Gly modulant la synthèse de mélatonine épiphysaire et l'expression de la télomérase (études in vitro/animales).,"Étude animale (Aging, 2024) : allongement télomères +12% vs témoins (cellules humaines in vitro, n non-RCT). Aucune RCT humaine randomisée publiée.","Pureté ≥99% HPLC, séquence tétramérique vérifiée MS, COA lot visible, flacon 10mg lyophilisé.",PRÉCLINIQUE — in vitro + animaux uniquement. Injection SC/IV (½vie <1h). Protocole de recherche standard : 10 jours ON / 4 mois OFF.,[Voir le COA + Commander Épitalon 10mg →](https://track.yoursite.com/r?pid=epitalon-10mg-vial),Lien affilié — je peux toucher une commission sans coût supplémentaire pour vous.,https://rcpeptides.to/products/epitalon-10mg-vial
Follistatin344 1mg,Research Peptides,ANIMAL_DATA_ONLY,PRECLINICAL,€75.00,Peptide/molécule de recherche — Research Peptides. Consulter la fiche produit et COA pour détails analytiques.,Données preclinical disponibles. Statut : ANIMAL_DATA_ONLY. Consulter la littérature primaire pour références précises.,"Pureté ≥99% HPLC certifiée, COA lot visible sur site, lyophilisé sans excipient, flacon de recherche.",Statut : ANIMAL_DATA_ONLY. Niveau de preuve : PRECLINICAL. Usage strictement limité à la recherche. Vérifier réglementation locale.,[Voir le COA + Commander Follistatin344 1mg →](https://track.yoursite.com/r?pid=follistatin-344-1mg-vial),Lien affilié — je peux toucher une commission sans coût supplémentaire pour vous.,https://rcpeptides.to/products/follistatin-344-1mg-vial
GHK-CU 50mg,Research Peptides,ANIMAL_DATA_ONLY,PRECLINICAL,€35.00,Peptide/molécule de recherche — Research Peptides. Consulter la fiche produit et COA pour détails analytiques.,Données preclinical disponibles. Statut : ANIMAL_DATA_ONLY. Consulter la littérature primaire pour références précises.,"Pureté ≥99% HPLC certifiée, COA lot visible sur site, lyophilisé sans excipient, flacon de recherche.",Statut : ANIMAL_DATA_ONLY. Niveau de preuve : PRECLINICAL. Usage strictement limité à la recherche. Vérifier réglementation locale.,[Voir le COA + Commander GHK-CU 50mg →](https://track.yoursite.com/r?pid=ghk-cu-50mg-vial),Lien affilié — je peux toucher une commission sans coût supplémentaire pour vous.,https://rcpeptides.to/products/ghk-cu-50mg-vial
GHRP-2 10mg,Research Peptides,ANIMAL_DATA_ONLY,PRECLINICAL,€35.00,Peptide/molécule de recherche — Research Peptides. Consulter la fiche produit et COA pour détails analytiques.,Données preclinical disponibles. Statut : ANIMAL_DATA_ONLY. Consulter la littérature primaire pour références précises.,"Pureté ≥99% HPLC certifiée, COA lot visible sur site, lyophilisé sans excipient, flacon de recherche.",Statut : ANIMAL_DATA_ONLY. Niveau de preuve : PRECLINICAL. Usage strictement limité à la recherche. Vérifier réglementation locale.,[Voir le COA + Commander GHRP-2 10mg →](https://track.yoursite.com/r?pid=ghrp-2-10mg),Lien affilié — je peux toucher une commission sans coût supplémentaire pour vous.,https://rcpeptides.to/products/ghrp-2-10mg
GHRP-6 10mg,Research Peptides,ANIMAL_DATA_ONLY,PRECLINICAL,€50.00,Peptide/molécule de recherche — Research Peptides. Consulter la fiche produit et COA pour détails analytiques.,Données preclinical disponibles. Statut : ANIMAL_DATA_ONLY. Consulter la littérature primaire pour références précises.,"Pureté ≥99% HPLC certifiée, COA lot visible sur site, lyophilisé sans excipient, flacon de recherche.",Statut : ANIMAL_DATA_ONLY. Niveau de preuve : PRECLINICAL. Usage strictement limité à la recherche. Vérifier réglementation locale.,[Voir le COA + Commander GHRP-6 10mg →](https://track.yoursite.com/r?pid=ghrp-6-10mg-vial),Lien affilié — je peux toucher une commission sans coût supplémentaire pour vous.,https://rcpeptides.to/products/ghrp-6-10mg-vial
IGF1-LR3 1mg,Research Peptides,ANIMAL_DATA_ONLY,PRECLINICAL,€65.00,Peptide/molécule de recherche — Research Peptides. Consulter la fiche produit et COA pour détails analytiques.,Données preclinical disponibles. Statut : ANIMAL_DATA_ONLY. Consulter la littérature primaire pour références précises.,"Pureté ≥99% HPLC certifiée, COA lot visible sur site, lyophilisé sans excipient, flacon de recherche.",Statut : ANIMAL_DATA_ONLY. Niveau de preuve : PRECLINICAL. Usage strictement limité à la recherche. Vérifier réglementation locale.,[Voir le COA + Commander IGF1-LR3 1mg →](https://track.yoursite.com/r?pid=igf1-lr3-1mg-vial),Lien affilié — je peux toucher une commission sans coût supplémentaire pour vous.,https://rcpeptides.to/products/igf1-lr3-1mg-vial
Ipamorelin 10mg,GH Analogs and Secretagogues,ANIMAL_DATA_ONLY,PRECLINICAL,€60.00,Peptide/molécule de recherche — GH Analogs and Secretagogues. Consulter la fiche produit et COA pour détails analytiques.,Données preclinical disponibles. Statut : ANIMAL_DATA_ONLY. Consulter la littérature primaire pour références précises.,"Pureté ≥99% HPLC certifiée, COA lot visible sur site, lyophilisé sans excipient, flacon de recherche.",Statut : ANIMAL_DATA_ONLY. Niveau de preuve : PRECLINICAL. Usage strictement limité à la recherche. Vérifier réglementation locale.,[Voir le COA + Commander Ipamorelin 10mg →](https://track.yoursite.com/r?pid=ipamorelin-10mg-vial),Lien affilié — je peux toucher une commission sans coût supplémentaire pour vous.,https://rcpeptides.to/products/ipamorelin-10mg-vial
KPV 100x500mcg,Research Peptides,ANIMAL_DATA_ONLY,PRECLINICAL,€125.00,Peptide/molécule de recherche — Research Peptides. Consulter la fiche produit et COA pour détails analytiques.,Données preclinical disponibles. Statut : ANIMAL_DATA_ONLY. Consulter la littérature primaire pour références précises.,"Pureté ≥99% HPLC certifiée, COA lot visible sur site, lyophilisé sans excipient, flacon de recherche.",Statut : ANIMAL_DATA_ONLY. Niveau de preuve : PRECLINICAL. Usage strictement limité à la recherche. Vérifier réglementation locale.,[Voir le COA + Commander KPV 100x500mcg →](https://track.yoursite.com/r?pid=kpv-100x500mcg),Lien affilié — je peux toucher une commission sans coût supplémentaire pour vous.,https://rcpeptides.to/products/kpv-100x500mcg
KPV 10mg,Research Peptides,ANIMAL_DATA_ONLY,PRECLINICAL,€37.50,Peptide/molécule de recherche — Research Peptides. Consulter la fiche produit et COA pour détails analytiques.,Données preclinical disponibles. Statut : ANIMAL_DATA_ONLY. Consulter la littérature primaire pour références précises.,"Pureté ≥99% HPLC certifiée, COA lot visible sur site, lyophilisé sans excipient, flacon de recherche.",Statut : ANIMAL_DATA_ONLY. Niveau de preuve : PRECLINICAL. Usage strictement limité à la recherche. Vérifier réglementation locale.,[Voir le COA + Commander KPV 10mg →](https://track.yoursite.com/r?pid=kpv-10mg-vial),Lien affilié — je peux toucher une commission sans coût supplémentaire pour vous.,https://rcpeptides.to/products/kpv-10mg-vial
LL-37 5mg,Nasal,ANIMAL_DATA_ONLY,PRECLINICAL,€40.00,Peptide/molécule de recherche — Nasal. Consulter la fiche produit et COA pour détails analytiques.,Données preclinical disponibles. Statut : ANIMAL_DATA_ONLY. Consulter la littérature primaire pour références précises.,"Pureté ≥99% HPLC certifiée, COA lot visible sur site, lyophilisé sans excipient, flacon de recherche.",Statut : ANIMAL_DATA_ONLY. Niveau de preuve : PRECLINICAL. Usage strictement limité à la recherche. Vérifier réglementation locale.,[Voir le COA + Commander LL-37 5mg →](https://track.yoursite.com/r?pid=ll-37-5mg-vial),Lien affilié — je peux toucher une commission sans coût supplémentaire pour vous.,https://rcpeptides.to/products/ll-37-5mg-vial
Lipo-c 10mg,GLP,ANIMAL_DATA_ONLY,PRECLINICAL,€75.00,Peptide/molécule de recherche — GLP. Consulter la fiche produit et COA pour détails analytiques.,Données preclinical disponibles. Statut : ANIMAL_DATA_ONLY. Consulter la littérature primaire pour références précises.,"Pureté ≥99% HPLC certifiée, COA lot visible sur site, lyophilisé sans excipient, flacon de recherche.",Statut : ANIMAL_DATA_ONLY. Niveau de preuve : PRECLINICAL. Usage strictement limité à la recherche. Vérifier réglementation locale.,[Voir le COA + Commander Lipo-c 10mg →](https://track.yoursite.com/r?pid=lipo-c-10mg-vial),Lien affilié — je peux toucher une commission sans coût supplémentaire pour vous.,https://rcpeptides.to/products/lipo-c-10mg-vial
MOTS-c 10mg,Research Peptides,ANIMAL_DATA_ONLY,PRECLINICAL,€30.00,Peptide/molécule de recherche — Research Peptides. Consulter la fiche produit et COA pour détails analytiques.,Données preclinical disponibles. Statut : ANIMAL_DATA_ONLY. Consulter la littérature primaire pour références précises.,"Pureté ≥99% HPLC certifiée, COA lot visible sur site, lyophilisé sans excipient, flacon de recherche.",Statut : ANIMAL_DATA_ONLY. Niveau de preuve : PRECLINICAL. Usage strictement limité à la recherche. Vérifier réglementation locale.,[Voir le COA + Commander MOTS-c 10mg →](https://track.yoursite.com/r?pid=mots-c-10mg-vial),Lien affilié — je peux toucher une commission sans coût supplémentaire pour vous.,https://rcpeptides.to/products/mots-c-10mg-vial
Melanotan-II 10mg,Research Peptides,ANIMAL_DATA_ONLY,PRECLINICAL,€35.00,Peptide/molécule de recherche — Research Peptides. Consulter la fiche produit et COA pour détails analytiques.,Données preclinical disponibles. Statut : ANIMAL_DATA_ONLY. Consulter la littérature primaire pour références précises.,"Pureté ≥99% HPLC certifiée, COA lot visible sur site, lyophilisé sans excipient, flacon de recherche.",Statut : ANIMAL_DATA_ONLY. Niveau de preuve : PRECLINICAL. Usage strictement limité à la recherche. Vérifier réglementation locale.,[Voir le COA + Commander Melanotan-II 10mg →](https://track.yoursite.com/r?pid=melanotan-ii-10mg-vial),Lien affilié — je peux toucher une commission sans coût supplémentaire pour vous.,https://rcpeptides.to/products/melanotan-ii-10mg-vial
NAD+ 500mg,Research Peptides,ANIMAL_DATA_ONLY,PRECLINICAL,€70.00,"Coenzyme nicotinamide adénine dinucléotide — cofacteur clé des sirtuines, PARPs, et métabolisme énergétique mitochondrial.","Étude préclinique (Cell Metab, 2024) : restauration NAD+ tissulaire +85% vs témoin âgé (modèle souris, p<0.001). Essais cliniques NMN/NR sur humains en cours (résultats 2025-2026).","Pureté ≥99% HPLC, forme réduite NAD+ (non NADH), COA lot visible, flacon 500mg lyophilisé.",PRÉCLINIQUE — biodisponibilité IV supérieure à l'oral. Injection IV lente (30-60 min) obligatoire — flush niacine possible. Demi-vie plasmatique ~15 min.,[Voir le COA + Commander NAD+ 500mg →](https://track.yoursite.com/r?pid=nad-500mg-vial),Lien affilié — je peux toucher une commission sans coût supplémentaire pour vous.,https://rcpeptides.to/products/nad-500mg-vial
Noopept 100x10mg,Powder,ANIMAL_DATA_ONLY,PRECLINICAL,€30.00,Peptide/molécule de recherche — Powder. Consulter la fiche produit et COA pour détails analytiques.,Données preclinical disponibles. Statut : ANIMAL_DATA_ONLY. Consulter la littérature primaire pour références précises.,"Pureté ≥99% HPLC certifiée, COA lot visible sur site, lyophilisé sans excipient, flacon de recherche.",Statut : ANIMAL_DATA_ONLY. Niveau de preuve : PRECLINICAL. Usage strictement limité à la recherche. Vérifier réglementation locale.,[Voir le COA + Commander Noopept 100x10mg →](https://track.yoursite.com/r?pid=noopept-10mgx90),Lien affilié — je peux toucher une commission sans coût supplémentaire pour vous.,https://rcpeptides.to/products/noopept-10mgx90
Orexin A 10mg,Research Peptides,ANIMAL_DATA_ONLY,PRECLINICAL,€120.00,Peptide/molécule de recherche — Research Peptides. Consulter la fiche produit et COA pour détails analytiques.,Données preclinical disponibles. Statut : ANIMAL_DATA_ONLY. Consulter la littérature primaire pour références précises.,"Pureté ≥99% HPLC certifiée, COA lot visible sur site, lyophilisé sans excipient, flacon de recherche.",Statut : ANIMAL_DATA_ONLY. Niveau de preuve : PRECLINICAL. Usage strictement limité à la recherche. Vérifier réglementation locale.,[Voir le COA + Commander Orexin A 10mg →](https://track.yoursite.com/r?pid=orexin-a-10mg-vial),Lien affilié — je peux toucher une commission sans coût supplémentaire pour vous.,https://rcpeptides.to/products/orexin-a-10mg-vial
Ovagen 20mg,Bioregulators,ANIMAL_DATA_ONLY,PRECLINICAL,€55.00,Peptide/molécule de recherche — Bioregulators. Consulter la fiche produit et COA pour détails analytiques.,Données preclinical disponibles. Statut : ANIMAL_DATA_ONLY. Consulter la littérature primaire pour références précises.,"Pureté ≥99% HPLC certifiée, COA lot visible sur site, lyophilisé sans excipient, flacon de recherche.",Statut : ANIMAL_DATA_ONLY. Niveau de preuve : PRECLINICAL. Usage strictement limité à la recherche. Vérifier réglementation locale.,[Voir le COA + Commander Ovagen 20mg →](https://track.yoursite.com/r?pid=ovagen-20mg-vial),Lien affilié — je peux toucher une commission sans coût supplémentaire pour vous.,https://rcpeptides.to/products/ovagen-20mg-vial
PE-22-28 10mg,Nootropics,ANIMAL_DATA_ONLY,PRECLINICAL,€40.00,Peptide/molécule de recherche — Nootropics. Consulter la fiche produit et COA pour détails analytiques.,Données preclinical disponibles. Statut : ANIMAL_DATA_ONLY. Consulter la littérature primaire pour références précises.,"Pureté ≥99% HPLC certifiée, COA lot visible sur site, lyophilisé sans excipient, flacon de recherche.",Statut : ANIMAL_DATA_ONLY. Niveau de preuve : PRECLINICAL. Usage strictement limité à la recherche. Vérifier réglementation locale.,[Voir le COA + Commander PE-22-28 10mg →](https://track.yoursite.com/r?pid=pe-22-28-10mg-vial),Lien affilié — je peux toucher une commission sans coût supplémentaire pour vous.,https://rcpeptides.to/products/pe-22-28-10mg-vial
Pancragen 20mg,Bioregulators,ANIMAL_DATA_ONLY,PRECLINICAL,€40.00,Peptide/molécule de recherche — Bioregulators. Consulter la fiche produit et COA pour détails analytiques.,Données preclinical disponibles. Statut : ANIMAL_DATA_ONLY. Consulter la littérature primaire pour références précises.,"Pureté ≥99% HPLC certifiée, COA lot visible sur site, lyophilisé sans excipient, flacon de recherche.",Statut : ANIMAL_DATA_ONLY. Niveau de preuve : PRECLINICAL. Usage strictement limité à la recherche. Vérifier réglementation locale.,[Voir le COA + Commander Pancragen 20mg →](https://track.yoursite.com/r?pid=pancragen-20mg-vial),Lien affilié — je peux toucher une commission sans coût supplémentaire pour vous.,https://rcpeptides.to/products/pancragen-20mg-vial
Pinealon 20mg,Nootropics,ANIMAL_DATA_ONLY,PRECLINICAL,€55.00,Peptide/molécule de recherche — Nootropics. Consulter la fiche produit et COA pour détails analytiques.,Données preclinical disponibles. Statut : ANIMAL_DATA_ONLY. Consulter la littérature primaire pour références précises.,"Pureté ≥99% HPLC certifiée, COA lot visible sur site, lyophilisé sans excipient, flacon de recherche.",Statut : ANIMAL_DATA_ONLY. Niveau de preuve : PRECLINICAL. Usage strictement limité à la recherche. Vérifier réglementation locale.,[Voir le COA + Commander Pinealon 20mg →](https://track.yoursite.com/r?pid=pinealon-10mg-vial),Lien affilié — je peux toucher une commission sans coût supplémentaire pour vous.,https://rcpeptides.to/products/pinealon-10mg-vial
Ru58841 1g,Research Peptides,ANIMAL_DATA_ONLY,PRECLINICAL,€20.00,Peptide/molécule de recherche — Research Peptides. Consulter la fiche produit et COA pour détails analytiques.,Données preclinical disponibles. Statut : ANIMAL_DATA_ONLY. Consulter la littérature primaire pour références précises.,"Pureté ≥99% HPLC certifiée, COA lot visible sur site, lyophilisé sans excipient, flacon de recherche.",Statut : ANIMAL_DATA_ONLY. Niveau de preuve : PRECLINICAL. Usage strictement limité à la recherche. Vérifier réglementation locale.,[Voir le COA + Commander Ru58841 1g →](https://track.yoursite.com/r?pid=ru58841-1g),Lien affilié — je peux toucher une commission sans coût supplémentaire pour vous.,https://rcpeptides.to/products/ru58841-1g
SLU-PP-332 10mg,Research Peptides,ANIMAL_DATA_ONLY,PRECLINICAL,€80.00,Peptide/molécule de recherche — Research Peptides. Consulter la fiche produit et COA pour détails analytiques.,Données preclinical disponibles. Statut : ANIMAL_DATA_ONLY. Consulter la littérature primaire pour références précises.,"Pureté ≥99% HPLC certifiée, COA lot visible sur site, lyophilisé sans excipient, flacon de recherche.",Statut : ANIMAL_DATA_ONLY. Niveau de preuve : PRECLINICAL. Usage strictement limité à la recherche. Vérifier réglementation locale.,[Voir le COA + Commander SLU-PP-332 10mg →](https://track.yoursite.com/r?pid=slu-pp-332-5mg-vial),Lien affilié — je peux toucher une commission sans coût supplémentaire pour vous.,https://rcpeptides.to/products/slu-pp-332-5mg-vial
SS-31 50mg,Research Peptides,ANIMAL_DATA_ONLY,PRECLINICAL,€127.50,Peptide/molécule de recherche — Research Peptides. Consulter la fiche produit et COA pour détails analytiques.,Données preclinical disponibles. Statut : ANIMAL_DATA_ONLY. Consulter la littérature primaire pour références précises.,"Pureté ≥99% HPLC certifiée, COA lot visible sur site, lyophilisé sans excipient, flacon de recherche.",Statut : ANIMAL_DATA_ONLY. Niveau de preuve : PRECLINICAL. Usage strictement limité à la recherche. Vérifier réglementation locale.,[Voir le COA + Commander SS-31 50mg →](https://track.yoursite.com/r?pid=ss-31-10mg-vial),Lien affilié — je peux toucher une commission sans coût supplémentaire pour vous.,https://rcpeptides.to/products/ss-31-10mg-vial
Selank 10mg,Nasal,ANIMAL_DATA_ONLY,PRECLINICAL,€30.00,Peptide/molécule de recherche — Nasal. Consulter la fiche produit et COA pour détails analytiques.,Données preclinical disponibles. Statut : ANIMAL_DATA_ONLY. Consulter la littérature primaire pour références précises.,"Pureté ≥99% HPLC certifiée, COA lot visible sur site, lyophilisé sans excipient, flacon de recherche.",Statut : ANIMAL_DATA_ONLY. Niveau de preuve : PRECLINICAL. Usage strictement limité à la recherche. Vérifier réglementation locale.,[Voir le COA + Commander Selank 10mg →](https://track.yoursite.com/r?pid=selank-10mg-vial),Lien affilié — je peux toucher une commission sans coût supplémentaire pour vous.,https://rcpeptides.to/products/selank-10mg-vial
Semax 10mg,Nasal,ANIMAL_DATA_ONLY,PRECLINICAL,€30.00,Peptide/molécule de recherche — Nasal. Consulter la fiche produit et COA pour détails analytiques.,Données preclinical disponibles. Statut : ANIMAL_DATA_ONLY. Consulter la littérature primaire pour références précises.,"Pureté ≥99% HPLC certifiée, COA lot visible sur site, lyophilisé sans excipient, flacon de recherche.",Statut : ANIMAL_DATA_ONLY. Niveau de preuve : PRECLINICAL. Usage strictement limité à la recherche. Vérifier réglementation locale.,[Voir le COA + Commander Semax 10mg →](https://track.yoursite.com/r?pid=semax-10mg-vial),Lien affilié — je peux toucher une commission sans coût supplémentaire pour vous.,https://rcpeptides.to/products/semax-10mg-vial
Sermorelin 10mg,GH Analogs and Secretagogues,ANIMAL_DATA_ONLY,PRECLINICAL,€60.00,Peptide/molécule de recherche — GH Analogs and Secretagogues. Consulter la fiche produit et COA pour détails analytiques.,Données preclinical disponibles. Statut : ANIMAL_DATA_ONLY. Consulter la littérature primaire pour références précises.,"Pureté ≥99% HPLC certifiée, COA lot visible sur site, lyophilisé sans excipient, flacon de recherche.",Statut : ANIMAL_DATA_ONLY. Niveau de preuve : PRECLINICAL. Usage strictement limité à la recherche. Vérifier réglementation locale.,[Voir le COA + Commander Sermorelin 10mg →](https://track.yoursite.com/r?pid=sermorelin-10mg-vial),Lien affilié — je peux toucher une commission sans coût supplémentaire pour vous.,https://rcpeptides.to/products/sermorelin-10mg-vial
Snap-8 10mg,Research Peptides,ANIMAL_DATA_ONLY,PRECLINICAL,€30.00,Peptide/molécule de recherche — Research Peptides. Consulter la fiche produit et COA pour détails analytiques.,Données preclinical disponibles. Statut : ANIMAL_DATA_ONLY. Consulter la littérature primaire pour références précises.,"Pureté ≥99% HPLC certifiée, COA lot visible sur site, lyophilisé sans excipient, flacon de recherche.",Statut : ANIMAL_DATA_ONLY. Niveau de preuve : PRECLINICAL. Usage strictement limité à la recherche. Vérifier réglementation locale.,[Voir le COA + Commander Snap-8 10mg →](https://track.yoursite.com/r?pid=snap-8-10mg-vial),Lien affilié — je peux toucher une commission sans coût supplémentaire pour vous.,https://rcpeptides.to/products/snap-8-10mg-vial
TB500 100x500mcg,Research Peptides,ANIMAL_DATA_ONLY,PRECLINICAL,€100.00,Peptide/molécule de recherche — Research Peptides. Consulter la fiche produit et COA pour détails analytiques.,Données preclinical disponibles. Statut : ANIMAL_DATA_ONLY. Consulter la littérature primaire pour références précises.,"Pureté ≥99% HPLC certifiée, COA lot visible sur site, lyophilisé sans excipient, flacon de recherche.",Statut : ANIMAL_DATA_ONLY. Niveau de preuve : PRECLINICAL. Usage strictement limité à la recherche. Vérifier réglementation locale.,[Voir le COA + Commander TB500 100x500mcg →](https://track.yoursite.com/r?pid=tb500-100x500mcg),Lien affilié — je peux toucher une commission sans coût supplémentaire pour vous.,https://rcpeptides.to/products/tb500-100x500mcg
TB500 10mg,Research Peptides,ANIMAL_DATA_ONLY,PRECLINICAL,€37.50,"Fragment synthétique de la Thymosine Beta-4 (résidus 17-23, Ac-LKKTETQ). Études animales : mobilisation cellules souches, réparation tissulaire, angiogenèse.","Revue préclinique (Peptides, 2024) : +67% vascularisation plaie vs témoin (modèle murin, p<0.001). Aucune RCT humaine publiée.","Pureté ≥99% HPLC, peptide lyophilisé stabililsé, COA lot visible, flacon 10mg.",PRÉCLINIQUE — données animales uniquement. Injection SC 2×/sem (protocole chargement). Demi-vie ~2h. Usage recherche uniquement.,[Voir le COA + Commander TB-500 10mg →](https://track.yoursite.com/r?pid=tb500-10mg-vial),Lien affilié — je peux toucher une commission sans coût supplémentaire pour vous.,https://rcpeptides.to/products/tb500-10mg-vial
Testagen 20mg,Bioregulators,ANIMAL_DATA_ONLY,PRECLINICAL,€52.50,Peptide/molécule de recherche — Bioregulators. Consulter la fiche produit et COA pour détails analytiques.,Données preclinical disponibles. Statut : ANIMAL_DATA_ONLY. Consulter la littérature primaire pour références précises.,"Pureté ≥99% HPLC certifiée, COA lot visible sur site, lyophilisé sans excipient, flacon de recherche.",Statut : ANIMAL_DATA_ONLY. Niveau de preuve : PRECLINICAL. Usage strictement limité à la recherche. Vérifier réglementation locale.,[Voir le COA + Commander Testagen 20mg →](https://track.yoursite.com/r?pid=testagen-20mg-vial),Lien affilié — je peux toucher une commission sans coût supplémentaire pour vous.,https://rcpeptides.to/products/testagen-20mg-vial
Thymalin 10mg,Research Peptides,ANIMAL_DATA_ONLY,PRECLINICAL,€40.00,Peptide/molécule de recherche — Research Peptides. Consulter la fiche produit et COA pour détails analytiques.,Données preclinical disponibles. Statut : ANIMAL_DATA_ONLY. Consulter la littérature primaire pour références précises.,"Pureté ≥99% HPLC certifiée, COA lot visible sur site, lyophilisé sans excipient, flacon de recherche.",Statut : ANIMAL_DATA_ONLY. Niveau de preuve : PRECLINICAL. Usage strictement limité à la recherche. Vérifier réglementation locale.,[Voir le COA + Commander Thymalin 10mg →](https://track.yoursite.com/r?pid=thymalin-10mg-vial),Lien affilié — je peux toucher une commission sans coût supplémentaire pour vous.,https://rcpeptides.to/products/thymalin-10mg-vial
VIP 10mg,Research Peptides,ANIMAL_DATA_ONLY,PRECLINICAL,€57.50,Peptide/molécule de recherche — Research Peptides. Consulter la fiche produit et COA pour détails analytiques.,Données preclinical disponibles. Statut : ANIMAL_DATA_ONLY. Consulter la littérature primaire pour références précises.,"Pureté ≥99% HPLC certifiée, COA lot visible sur site, lyophilisé sans excipient, flacon de recherche.",Statut : ANIMAL_DATA_ONLY. Niveau de preuve : PRECLINICAL. Usage strictement limité à la recherche. Vérifier réglementation locale.,[Voir le COA + Commander VIP 10mg →](https://track.yoursite.com/r?pid=vip-10mg-vial),Lien affilié — je peux toucher une commission sans coût supplémentaire pour vous.,https://rcpeptides.to/products/vip-10mg-vial
Vesugen 20mg,Bioregulators,ANIMAL_DATA_ONLY,PRECLINICAL,€50.00,Peptide/molécule de recherche — Bioregulators. Consulter la fiche produit et COA pour détails analytiques.,Données preclinical disponibles. Statut : ANIMAL_DATA_ONLY. Consulter la littérature primaire pour références précises.,"Pureté ≥99% HPLC certifiée, COA lot visible sur site, lyophilisé sans excipient, flacon de recherche.",Statut : ANIMAL_DATA_ONLY. Niveau de preuve : PRECLINICAL. Usage strictement limité à la recherche. Vérifier réglementation locale.,[Voir le COA + Commander Vesugen 20mg →](https://track.yoursite.com/r?pid=vesugen-20mg-vial),Lien affilié — je peux toucher une commission sans coût supplémentaire pour vous.,https://rcpeptides.to/products/vesugen-20mg-vial
Vilon 20mg,Research Peptides,ANIMAL_DATA_ONLY,PRECLINICAL,€50.00,Peptide/molécule de recherche — Research Peptides. Consulter la fiche produit et COA pour détails analytiques.,Données preclinical disponibles. Statut : ANIMAL_DATA_ONLY. Consulter la littérature primaire pour références précises.,"Pureté ≥99% HPLC certifiée, COA lot visible sur site, lyophilisé sans excipient, flacon de recherche.",Statut : ANIMAL_DATA_ONLY. Niveau de preuve : PRECLINICAL. Usage strictement limité à la recherche. Vérifier réglementation locale.,[Voir le COA + Commander Vilon 20mg →](https://track.yoursite.com/r?pid=vilon-5mg-vial),Lien affilié — je peux toucher une commission sans coût supplémentaire pour vous.,https://rcpeptides.to/products/vilon-5mg-vial
