"block href","w-full src","text-[9px]","text-xs","text-sm"
"https://rcpeptides.to/products/melanotan-i?ref=PEPTIDESDECODED","https://rcpeptides.to/uploads/powder-vial_Melanotan-I_10mg.png","Research Peptides","Melanotan-I 10mg vial","€35.00"
"https://rcpeptides.to/products/bioglutide-10mg?ref=PEPTIDESDECODED","https://rcpeptides.to/uploads/powder-vial_Bioglutide_10mg.png","Research Materials","Bioglutide 10mg","€295.00"
"https://rcpeptides.to/products/bioglutide-5mg?ref=PEPTIDESDECODED","https://rcpeptides.to/uploads/powder-vial_Bioglutide_5mg.png","Research Materials","Bioglutide flacon 5mg","€170.00"
"https://rcpeptides.to/products/servoscope-binocular-microscope?ref=PEPTIDESDECODED","https://rcpeptides.to/uploads/Microscoop.png","Lab Reagents","Servoscope binocular microscope","€1000.00"
"https://rcpeptides.to/products/pal-ghk-10mg?ref=PEPTIDESDECODED","https://rcpeptides.to/uploads/PAL-GHK_10mg.png","Research Peptides","PAL-GHK 10mg vial","€50.00"
"https://rcpeptides.to/products/dnsp-11-10mg-vial?ref=PEPTIDESDECODED","https://rcpeptides.to/uploads/DNSP-11_10mg.png","Research Peptides","DNSP-11 10mg vial","€125.00"
"https://rcpeptides.to/products/microscope-cover-slips-200pcs?ref=PEPTIDESDECODED","https://rcpeptides.to/uploads/dekglaasjes_18x18mm_200_stuks.png","Lab Reagents","Microscope cover slips 200pcs","€10.00"
"https://rcpeptides.to/products/thymalfasin-20mg-vial?ref=PEPTIDESDECODED","https://rcpeptides.to/uploads/thymalfasin_20mg.png","Research Peptides","Thymalfasin 20mg vial","€200.00"
"https://rcpeptides.to/products/pnc-27-10mg-vial?ref=PEPTIDESDECODED","https://rcpeptides.to/uploads/pnc-27_10mg.png","Research Peptides","PNC-27 10mg vial","€100.00"
"https://rcpeptides.to/products/latex-gloves-150pc?ref=PEPTIDESDECODED","https://rcpeptides.to/uploads/latexgloves.png","Research Materials","Latex Gloves 150pc","€20.00"
"https://rcpeptides.to/products/pp405-10mg-vial?ref=PEPTIDESDECODED","https://rcpeptides.to/uploads/PP405_10mg.png","Research Materials","PP405 10mg vial","€100.00"
"https://rcpeptides.to/products/lab-coat-unisex?ref=PEPTIDESDECODED","https://rcpeptides.to/uploads/labjas.png","Lab Reagents","Lab coat unisex","€50.00"
"https://rcpeptides.to/products/hng-10mg-vial?ref=PEPTIDESDECODED","https://rcpeptides.to/uploads/HNG_10mg.png","Research Peptides","HNG 10mg vial","€100.00"
"https://rcpeptides.to/products/larazotide-10mg-vial?ref=PEPTIDESDECODED","https://rcpeptides.to/uploads/larazotide_10mg.png","Research Peptides","Larazotide 10mg vial","€95.00"
"https://rcpeptides.to/products/mots-c-40mg-vial?ref=PEPTIDESDECODED","https://rcpeptides.to/uploads/Mots-c_40mg.png","Research Peptides","MOTS-c 40mg vial","€70.00"
"https://rcpeptides.to/products/cb-03-01-clascoterone-1000mg-vial?ref=PEPTIDESDECODED","https://rcpeptides.to/uploads/CB-03-011000mg.png","Research Materials","CB-03-01 (clascoterone) 1000mg vial","€250.00"
"https://rcpeptides.to/products/yk-11-5x50mg?ref=PEPTIDESDECODED","https://rcpeptides.to/uploads/powder-pouch-yk-11-5x50mg.png","Powder","YK-11 100x10mg","€85.00"
"https://rcpeptides.to/products/embryonic-stem-cells-vial?ref=PEPTIDESDECODED","https://rcpeptides.to/uploads/Stem_cells.png","Research Materials","Embryonic stem cells ampoule","€250.00"
"https://rcpeptides.to/products/medical-masks-3-layer-type-iir?ref=PEPTIDESDECODED","https://rcpeptides.to/uploads/masks.png","Lab Reagents","medical masks 3-layer Type IIR","€15.00"
"https://rcpeptides.to/products/ampoule-opener?ref=PEPTIDESDECODED","https://rcpeptides.to/uploads/ampulle_opener.png","Lab Reagents","Ampoule opener","€20.00"
"https://rcpeptides.to/products/plastic-test-tube-rack-for-60-tubes?ref=PEPTIDESDECODED","https://rcpeptides.to/uploads/reageerbuisrek_kunststof_wit_voor_60_buisjes.png","Lab Reagents","Plastic test tube rack","€17.50"
"https://rcpeptides.to/products/argirelin-200mg-vial?ref=PEPTIDESDECODED","https://rcpeptides.to/uploads/argirelin_200mg.png","Research Peptides","Argirelin 200mg vial","€80.00"
"https://rcpeptides.to/products/safety-glasses?ref=PEPTIDESDECODED","https://rcpeptides.to/uploads/safetyglasses.png","Lab Reagents","Safety glasses","€12.50"
"https://rcpeptides.to/products/humanin-10mg-vial?ref=PEPTIDESDECODED","https://rcpeptides.to/uploads/humanin_10mg.png","Research Peptides","Humanin 10mg vial","€125.00"
"https://rcpeptides.to/products/3-section-petri-dishes-20pc?ref=PEPTIDESDECODED","https://rcpeptides.to/uploads/petridish_90mm.png","Lab Reagents","3-section Petri dishes 20pc","€20.00"
"https://rcpeptides.to/products/l-glutathione?ref=PEPTIDESDECODED","https://rcpeptides.to/uploads/L-Glutathione_1500mg.png","Research Materials","L-glutathione 1500mg vial","€35.00"
"https://rcpeptides.to/products/fgl-10mg-vial?ref=PEPTIDESDECODED","https://rcpeptides.to/uploads/FGL_30mg.png","Research Peptides","FGL 30mg vial","€200.00"
"https://rcpeptides.to/products/alcohol-swipes-6x3cm-100pc?ref=PEPTIDESDECODED","https://rcpeptides.to/uploads/AlcoholSwipes.png","Lab Reagents","Alcohol swipes 6x3cm 100pc","€10.00"
"https://rcpeptides.to/products/double-sample-transport-bags-160-200-mm-10pc?ref=PEPTIDESDECODED","https://rcpeptides.to/uploads/Monstertransportbag.png","Lab Reagents","Double sample transport bags (160×200 mm) 10pc","€5.00"
"https://rcpeptides.to/products/centrifuge-tubes-100pc?ref=PEPTIDESDECODED","https://rcpeptides.to/uploads/centrifugebuis_16x100mm.png","Lab Reagents","Centrifuge tubes 100pc","€20.00"
"https://rcpeptides.to/products/igf1-lr3-1mg-vial?ref=PEPTIDESDECODED","https://rcpeptides.to/uploads/igf_1_lr3.png","Research Peptides","IGF1-LR3 1mg vial","€65.00"
"https://rcpeptides.to/products/dermorphin-10mg-vial?ref=PEPTIDESDECODED","https://rcpeptides.to/uploads/Dermorphin10mg.png","Research Peptides","Dermorphin 10mg vial","€140.00"
"https://rcpeptides.to/products/astressin-b-10mg-vial?ref=PEPTIDESDECODED","https://rcpeptides.to/uploads/Astressin-B_10mg.png","Research Peptides","Astressin-B 10mg vial","€150.00"
"https://rcpeptides.to/products/thymosin-4-fragment-17-24-10mg-vial?ref=PEPTIDESDECODED","https://rcpeptides.to/uploads/tb400_frag-17-24.png","Research Peptides","Thymosin β4 Fragment 17–24 10mg vial","€90.00"
"https://rcpeptides.to/products/orexin-a-10mg-vial?ref=PEPTIDESDECODED","https://rcpeptides.to/uploads/orexin_A_10mg.png","Research Peptides","Orexin A 10mg vial","€120.00"
"https://rcpeptides.to/products/nad-500mg-vial?ref=PEPTIDESDECODED","https://rcpeptides.to/uploads/powder-vial_NAD_500_mg.png","Research Peptides","NAD+ 500mg vial","€70.00"
"https://rcpeptides.to/products/epitalon-50mg-vial?ref=PEPTIDESDECODED","https://rcpeptides.to/uploads/Epitalon_50mg.png","Research Peptides","Epitalon 50mg vial","€100.00"
"https://rcpeptides.to/products/orexin-b-10mg-vial?ref=PEPTIDESDECODED","https://rcpeptides.to/uploads/orexin_B_10mg.png","Research Peptides","Orexin B 10mg vial","€120.00"
"https://rcpeptides.to/products/vesilute-20mg?ref=PEPTIDESDECODED","https://rcpeptides.to/uploads/Vesilute_20mg.png","Research Peptides","Vesilute 20mg","€60.00"
"https://rcpeptides.to/products/chrysalin?ref=PEPTIDESDECODED","https://rcpeptides.to/uploads/Chrysalin_10mg.png","Research Peptides","Chrysalin 10mg","€200.00"
"https://rcpeptides.to/products/colivelin-10mg-vial?ref=PEPTIDESDECODED","https://rcpeptides.to/uploads/colivelin_10mg.png","Research Peptides","Colivelin 10mg vial","€200.00"
"https://rcpeptides.to/products/ru58841-2000mg?ref=PEPTIDESDECODED","https://rcpeptides.to/uploads/ru58841_2000MG.png","Research Peptides","Ru58841 2000mg topical vial","€45.00"
"https://rcpeptides.to/products/retinalamin-10mg?ref=PEPTIDESDECODED","https://rcpeptides.to/uploads/Retinalamin_10mg.png","Research Peptides","Retinalamin 10mg","€125.00"
"https://rcpeptides.to/products/syn-ake-200mg?ref=PEPTIDESDECODED","https://rcpeptides.to/uploads/Syn-Ake_200mg.png","Research Peptides","Syn-ake 200mg vial","€175.00"
"https://rcpeptides.to/products/ptd-1-1mg?ref=PEPTIDESDECODED","https://rcpeptides.to/uploads/PTD-1_1mg.png","Research Peptides","PTD-1 1mg vial","€80.00"
"https://rcpeptides.to/products/hep-1-10mg-vial?ref=PEPTIDESDECODED","https://rcpeptides.to/uploads/powder-vial_HEP-1_10mg.png","Research Peptides","HEP-1 10mg vial","€140.00"
"https://rcpeptides.to/products/tbl150rad150-50x10mg?ref=PEPTIDESDECODED","https://rcpeptides.to/uploads/powder-pouch-tbl150rad150-50x10mg.png","Powder","TBL150(rad150) 100x10mg","€77.50"
"https://rcpeptides.to/products/ghk-cu-100mg-vial?ref=PEPTIDESDECODED","https://rcpeptides.to/uploads/GHK-CU_100mg.png","Research Peptides","GHK-CU 100mg vial","€47.50"
"https://rcpeptides.to/products/survodutide-10mg-vial?ref=PEPTIDESDECODED","https://rcpeptides.to/uploads/Survodutide_10mg.png","Research Peptides","Survodutide 10mg vial","€90.00"
"https://rcpeptides.to/products/ac-262-10x60mg?ref=PEPTIDESDECODED","https://rcpeptides.to/uploads/powder-pouch-ac-262-10x60mg.png","Powder","AC-262 100x10mg","€55.00"
"https://rcpeptides.to/products/noopept-10mgx90?ref=PEPTIDESDECODED","https://rcpeptides.to/uploads/powder-pouch-noopept-10mgx90.png","Powder","Noopept 100x10mg","€30.00"
"https://rcpeptides.to/products/cerebrolysin-60mg-vial?ref=PEPTIDESDECODED","https://rcpeptides.to/uploads/Cerebrolysin.png","Research Peptides","Cerebrolysin 60mg vial","€75.00"
"https://rcpeptides.to/products/glp-3-10mg-vial?ref=PEPTIDESDECODED","https://rcpeptides.to/uploads/retatrutide.png","Research Peptides","GLP-3 10mg vial","€65.00"
"https://rcpeptides.to/products/slu-pp-332-200mcgx60?ref=PEPTIDESDECODED","https://rcpeptides.to/uploads/powder-pouch-slu-pp-332-200mcgx60.png","Research Peptides","SLU-PP-332 20.000mcg sublingual/oral vial","€80.00"
"https://rcpeptides.to/products/epitalon-10mg-vial?ref=PEPTIDESDECODED","https://rcpeptides.to/uploads/powder-vial_Epitalon_10mg.png","Research Peptides","Epitalon 10mg vial","€25.00"
"https://rcpeptides.to/products/ipamorelin-10mg-vial?ref=PEPTIDESDECODED","https://rcpeptides.to/uploads/ipamorelin_10mg.png","GH Analogs and Secretagogues","Ipamorelin 10mg vial","€60.00"
"https://rcpeptides.to/products/ghrp-6-10mg-vial?ref=PEPTIDESDECODED","https://rcpeptides.to/uploads/GHRP-6_10MG.png","Research Peptides","GHRP-6 10mg vial","€50.00"
"https://rcpeptides.to/products/cjc-1295?ref=PEPTIDESDECODED","https://rcpeptides.to/uploads/CJC-1295_10mg.png","GH Analogs and Secretagogues","CJC-1295 10mg vial","€60.00"
"https://rcpeptides.to/products/ace-031-1mg-vial?ref=PEPTIDESDECODED","https://rcpeptides.to/uploads/ACE-031_1mg.png","Research Peptides","ACE-031 1mg vial","€75.00"
"https://rcpeptides.to/products/injectable-yk-11-700mg-vial?ref=PEPTIDESDECODED","https://rcpeptides.to/uploads/yk-11_injectable.png","Myostatin Inhibitors","Injectable YK-11 700mg vial","€90.00"
"https://rcpeptides.to/products/ace-083-1-mg-vial?ref=PEPTIDESDECODED","https://rcpeptides.to/uploads/ACE-083.png","Myostatin Inhibitors","ACE-083 1 mg vial","€180.00"
"https://rcpeptides.to/products/follistatin-344-1mg-vial?ref=PEPTIDESDECODED","https://rcpeptides.to/uploads/follistatin344_1mg.png","Research Peptides","Follistatin344 1mg vial","€75.00"
"https://rcpeptides.to/products/lgd-4033-50x10mg?ref=PEPTIDESDECODED","https://rcpeptides.to/uploads/powder-pouch-lgd-4033-50x10mg.png","Powder","LGD-4033 100x10mg","€80.00"
"https://rcpeptides.to/products/rad140-50x10mg?ref=PEPTIDESDECODED","https://rcpeptides.to/uploads/powder-pouch-rad140-50x10mg.png","Powder","RAD-140 100x10mg","€75.00"
"https://rcpeptides.to/products/ostarine-50x10mg?ref=PEPTIDESDECODED","https://rcpeptides.to/uploads/powder-pouch-ostarine-50x10mg.png","Powder","MK2866(Ostarine) 100x10mg","€65.00"
"https://rcpeptides.to/products/s4andarine-50x50mg?ref=PEPTIDESDECODED","https://rcpeptides.to/uploads/powder-pouch-s4andarine-50x50mg.png","Powder","S4(Andarine) 100x50mg","€80.00"
"https://rcpeptides.to/products/5ml-syringe?ref=PEPTIDESDECODED","https://rcpeptides.to/uploads/syringe_5ml.png","Lab Reagents","5ml Syringe","€2.00"
"https://rcpeptides.to/products/3ml-pipette?ref=PEPTIDESDECODED","https://rcpeptides.to/uploads/measure_pipette.png","Lab Reagents","3ml Pipette","€1.00"
"https://rcpeptides.to/products/100ml-measuring-cup?ref=PEPTIDESDECODED","https://rcpeptides.to/uploads/measureing_cup.png","Research Materials","100ml Measuring cup","€2.50"
"https://rcpeptides.to/products/bpc157-10mg-vial?ref=PEPTIDESDECODED","https://rcpeptides.to/uploads/BPC157_10mg.png","Research Peptides","BPC-157 10mg vial","€37.50"
"https://rcpeptides.to/products/insulin-needle?ref=PEPTIDESDECODED","https://rcpeptides.to/uploads/3c2163387e45a3231e0fce0fe35a2fa3.png","Lab Reagents","Insulin needles(10) 29g 0,5ml","€5.00"
"https://rcpeptides.to/products/methylene-blue-60ml-usp-grade?ref=PEPTIDESDECODED","https://rcpeptides.to/uploads/powder-pouch-methylene-blue-60ml-usp-grade.png","Powder","Methylene blue USP grade 100x10mg","€60.00"
"https://rcpeptides.to/products/tb500-10mg-vial?ref=PEPTIDESDECODED","https://rcpeptides.to/uploads/tb500_10mg.png","Research Peptides","TB500 10mg vial","€37.50"
"https://rcpeptides.to/products/bac-water-10ml-vial?ref=PEPTIDESDECODED","https://rcpeptides.to/uploads/bac_water.png","GH Analogs and Secretagogues","BAC water 10ml vial","€10.00"
"https://rcpeptides.to/products/acp105-60x10mg?ref=PEPTIDESDECODED","https://rcpeptides.to/uploads/powder-pouch-acp105-60x10mg.png","Powder","ACP-105 100x10mg","€75.00"
"https://rcpeptides.to/products/s23-60x10-mg?ref=PEPTIDESDECODED","https://rcpeptides.to/uploads/powder-pouch-s23-60x10-mg.png","Powder","S23 100x10mg","€60.00"
"https://rcpeptides.to/products/enclomiphene-50x12-5mg?ref=PEPTIDESDECODED","https://rcpeptides.to/uploads/powder-pouch-enclomiphene-50x12-5mg.png","Powder","Enclomiphene Citrate 100x12.5mg","€75.00"
"https://rcpeptides.to/products/gw-50186cardarine-100x10mg?ref=PEPTIDESDECODED","https://rcpeptides.to/uploads/powder-pouch-gw-50186cardarine-100x10mg.png","Powder","GW-501516(Cardarine) 100x10mg","€60.00"
"https://rcpeptides.to/products/gw0742-60x10mg?ref=PEPTIDESDECODED","https://rcpeptides.to/uploads/powder-pouch-gw0742-60x10mg.png","Powder","GW0742 100x10mg","€75.00"
"https://rcpeptides.to/products/sr9009stenabolic-100x10mg?ref=PEPTIDESDECODED","https://rcpeptides.to/uploads/powder-pouch-sr9009stenabolic-100x10mg.png","Powder","SR9009(Stenabolic) 100x10mg","€70.00"
"https://rcpeptides.to/products/ghk-cu-50mg-vial?ref=PEPTIDESDECODED","https://rcpeptides.to/uploads/GHK-CU_50mg.png","Research Peptides","GHK-CU 50mg vial","€35.00"
"https://rcpeptides.to/products/igf1-des-1mg-vial?ref=PEPTIDESDECODED","https://rcpeptides.to/uploads/igf_des.png","GH Analogs and Secretagogues","IGF1-Des 2mg vial","€90.00"
"https://rcpeptides.to/products/mots-c-10mg-vial?ref=PEPTIDESDECODED","https://rcpeptides.to/uploads/MOTS-c_10mg.png","Research Peptides","MOTS-c 10mg vial","€30.00"
"https://rcpeptides.to/products/dsip-10mg-vial?ref=PEPTIDESDECODED","https://rcpeptides.to/uploads/DSIP_10mg.png","Research Peptides","DSIP 10mg vial","€40.00"
"https://rcpeptides.to/products/peg-mgf-5mg-vial?ref=PEPTIDESDECODED","https://rcpeptides.to/uploads/PEG-MGF_5mg.png","Research Peptides","PEG-MGF 5mg vial","€45.00"
"https://rcpeptides.to/products/5-amino-1-mq-60x50mg?ref=PEPTIDESDECODED","https://rcpeptides.to/uploads/powder-pouch-5-amino-1-mq-60x50mg.png","Powder","5-Amino-1-MQ 100x50mg","€160.00"
"https://rcpeptides.to/products/melanotan-ii-10mg-vial?ref=PEPTIDESDECODED","https://rcpeptides.to/uploads/melanotan-II_10mg.png","Research Peptides","Melanotan-II 10mg vial","€35.00"
"https://rcpeptides.to/products/lgd3033-60x7-5mg?ref=PEPTIDESDECODED","https://rcpeptides.to/uploads/powder-pouch-lgd3033-60x7-5mg.png","Powder","LGD-3033 100x10mg","€80.00"
"https://rcpeptides.to/products/dihexa-60x10mg?ref=PEPTIDESDECODED","https://rcpeptides.to/uploads/powder-pouch-dihexa-60x10mg.png","Nootropics","Dihexa 100x10mg","€135.00"
"https://rcpeptides.to/products/selank-10mg-vial?ref=PEPTIDESDECODED","https://rcpeptides.to/uploads/Selank_10mg.png","Nasal","Selank 10mg vial","€30.00"
"https://rcpeptides.to/products/semax-10mg-vial?ref=PEPTIDESDECODED","https://rcpeptides.to/uploads/Semax_10mg.png","Nasal","Semax 10mg vial","€30.00"
"https://rcpeptides.to/products/kpv-10mg-vial?ref=PEPTIDESDECODED","https://rcpeptides.to/uploads/KPV_10mg.png","Research Peptides","KPV 10mg vial","€37.50"
"https://rcpeptides.to/products/kisspeptin-10-10mg-vial?ref=PEPTIDESDECODED","https://rcpeptides.to/uploads/kisspeptin-10_10mg.png","Gonadotropins","Kisspeptin-10 10mg vial","€40.00"
"https://rcpeptides.to/products/pt-141-10mg-vial?ref=PEPTIDESDECODED","https://rcpeptides.to/uploads/PT-141_10mg.png","Research Peptides","PT-141 10mg vial","€32.50"
"https://rcpeptides.to/products/bromantane-60x25mg?ref=PEPTIDESDECODED","https://rcpeptides.to/uploads/powder-pouch-bromantane-60x25mg.png","Powder","Bromantane 100x30mg","€60.00"
"https://rcpeptides.to/products/phenibut-hcl-90x200mg?ref=PEPTIDESDECODED","https://rcpeptides.to/uploads/powder-pouch-phenibut-hcl-90x200mg.png","Powder","Phenibut HCL 100x200mg","€45.00"
"https://rcpeptides.to/products/nsi-189-60x30mg?ref=PEPTIDESDECODED","https://rcpeptides.to/uploads/powder-pouch-nsi-189-60x30mg.png","Powder","NSI-189 100x30mg","€90.00"
"https://rcpeptides.to/products/9-mbc-60x25mg?ref=PEPTIDESDECODED","https://rcpeptides.to/uploads/powder-pouch-9-mbc-60x25mg.png","Powder","9-MBC 100x25mg","€80.00"
"https://rcpeptides.to/products/injectable-s23-400mg-vial?ref=PEPTIDESDECODED","https://rcpeptides.to/uploads/Rad140_injectable.png","Research Materials","Injectable RAD140 500mg vial","€100.00"
"https://rcpeptides.to/products/injectable-s23-400mg-vial-1?ref=PEPTIDESDECODED","https://rcpeptides.to/uploads/S-23_injectable.png","Research Materials","Injectable S-23 400mg vial","€100.00"
"https://rcpeptides.to/products/injectable-lgd4033-250mg-vial?ref=PEPTIDESDECODED","https://rcpeptides.to/uploads/LGD-4033_Injectable.png","Injectables","Injectable LGD4033 250mg vial","€100.00"
"https://rcpeptides.to/products/bpc-157-pellets-500mcgx100?ref=PEPTIDESDECODED","https://rcpeptides.to/uploads/powder-pouch-bpc-157-pellets-500mcgx100.png","Research Peptides","BPC-157 100x500mcg","€125.00"
"https://rcpeptides.to/products/foxo4-dri-10mg-vial?ref=PEPTIDESDECODED","https://rcpeptides.to/uploads/FOX04-DRI_10mg.png","Research Peptides","FOXO4-DRI 10mg vial","€50.00"
"https://rcpeptides.to/products/l-carnitine-500mg?ref=PEPTIDESDECODED","https://rcpeptides.to/uploads/L-carnitine_500mg.png","Research Peptides","L-carnitine 5000mg flacon","€20.00"
"https://rcpeptides.to/products/gdf-8-2mg?ref=PEPTIDESDECODED","https://rcpeptides.to/uploads/gdf-8_2mg.png","Research Peptides","GDF-8 2mg vial","€100.00"
"https://rcpeptides.to/products/cagrilintide-10mg?ref=PEPTIDESDECODED","https://rcpeptides.to/uploads/cagrilintide_10mg.png","GLP","Cagrilintide 10mg vial","€80.00"
"https://rcpeptides.to/products/aod9604-5mg-vial?ref=PEPTIDESDECODED","https://rcpeptides.to/uploads/AOD9604_5MG.png","GH Analogs and Secretagogues","AOD9604 5mg vial","€30.00"
"https://rcpeptides.to/products/oxytocin-acetate-2mg-vial?ref=PEPTIDESDECODED","https://rcpeptides.to/uploads/Oxytocin_Acetate_10mg.png","Nootropics","Oxytocin Acetate 10mg vial","€70.00"
"https://rcpeptides.to/products/mazdutide-10mg-vial?ref=PEPTIDESDECODED","https://rcpeptides.to/uploads/mazdutide_10mg.png","Research Peptides","Mazdutide 10mg vial","€80.00"
"https://rcpeptides.to/products/ara290-10mg-vial?ref=PEPTIDESDECODED","https://rcpeptides.to/uploads/ara290_10mg.png","Research Peptides","ARA290 10mg vial","€60.00"
"https://rcpeptides.to/products/pinealon-10mg-vial?ref=PEPTIDESDECODED","https://rcpeptides.to/uploads/pinealon_20mg.png","Nootropics","Pinealon 20mg vial","€55.00"
"https://rcpeptides.to/products/vilon-5mg-vial?ref=PEPTIDESDECODED","https://rcpeptides.to/uploads/Vilon_20mg.png","Research Peptides","Vilon 20mg vial","€50.00"
"https://rcpeptides.to/products/ss-31-10mg-vial?ref=PEPTIDESDECODED","https://rcpeptides.to/uploads/ss-31_50mg.png","Research Peptides","SS-31 50mg vial","€127.50"
"https://rcpeptides.to/products/lipo-c-10mg-vial?ref=PEPTIDESDECODED","https://rcpeptides.to/uploads/LIPO-c_10mg.png","GLP","Lipo-c 10mg vial","€75.00"
"https://rcpeptides.to/products/snap-8-10mg-vial?ref=PEPTIDESDECODED","https://rcpeptides.to/uploads/Snap8_10mg.png","Research Peptides","Snap-8 10mg vial","€30.00"
"https://rcpeptides.to/products/bam15-100x15mg?ref=PEPTIDESDECODED","https://rcpeptides.to/uploads/powder-pouch-bam15-100x15mg.png","Research Materials","BAM15 100x15mg","€125.00"
"https://rcpeptides.to/products/sobetiromegc-1?ref=PEPTIDESDECODED","https://rcpeptides.to/uploads/powder-pouch-sobetiromegc-1.png","Research Materials","Sobetirome(GC-1) 10.000mcg sublingual/oral vial","€120.00"
"https://rcpeptides.to/products/10ml-reusable-nasal-spray-bottle?ref=PEPTIDESDECODED","https://rcpeptides.to/uploads/nasal_spray_bottle.png","Nasal","10ml Reusable nasal spray bottle","€2.00"
"https://rcpeptides.to/products/follistatin344-5mg-vial?ref=PEPTIDESDECODED","https://rcpeptides.to/uploads/follistatin_344_5mg.png","Myostatin Inhibitors","Follistatin344 5mg vial","€225.00"
"https://rcpeptides.to/products/livagen-20mg-vial?ref=PEPTIDESDECODED","https://rcpeptides.to/uploads/livagen_20mg.png","Research Peptides","Livagen 20mg vial","€60.00"
"https://rcpeptides.to/products/prostamax-20mg-vial?ref=PEPTIDESDECODED","https://rcpeptides.to/uploads/Prostamax20mg.png","Research Peptides","Prostamax 20mg vial","€50.00"
"https://rcpeptides.to/products/sermorelin-10mg-vial?ref=PEPTIDESDECODED","https://rcpeptides.to/uploads/Sermorelin_10mg.png","GH Analogs and Secretagogues","Sermorelin 10mg vial","€60.00"
"https://rcpeptides.to/products/rhgh-fragment-176-191-10mg-vial?ref=PEPTIDESDECODED","https://rcpeptides.to/uploads/rHGH_Fragment_176_191_10mg.png","Research Peptides","rHGH Fragment 176–191 10mg vial","€50.00"
"https://rcpeptides.to/products/tesamorelin-10mg-vial?ref=PEPTIDESDECODED","https://rcpeptides.to/uploads/tesamorelin_10mg.png","Research Peptides","Tesamorelin 10mg vial","€60.00"
"https://rcpeptides.to/products/ghrp-2-10mg?ref=PEPTIDESDECODED","https://rcpeptides.to/uploads/powder-vial_GHRP-2_10mg.png","Research Peptides","GHRP-2 10mg vial","€35.00"
"https://rcpeptides.to/products/gonadorelin-10mg-vial?ref=PEPTIDESDECODED","https://rcpeptides.to/uploads/gonadorelin_10mg.png","Gonadotropins","Gonadorelin 10mg vial","€50.00"
"https://rcpeptides.to/products/triptorelin-acetate-10mg?ref=PEPTIDESDECODED","https://rcpeptides.to/uploads/triptorelin_acetate_10mg.png","Research Peptides","Triptorelin Acetate 10mg vial","€75.00"
"https://rcpeptides.to/products/hexarelin-10mg-vial?ref=PEPTIDESDECODED","https://rcpeptides.to/uploads/hexarelin10mg.png","GH Analogs and Secretagogues","Hexarelin 10mg vial","€50.00"
"https://rcpeptides.to/products/cjc-1295-with-dac-10mg-vial?ref=PEPTIDESDECODED","https://rcpeptides.to/uploads/CJC-1295_with_dac_10mg.png","GH Analogs and Secretagogues","CJC-1295 with DAC 10mg vial","€50.00"
"https://rcpeptides.to/products/thymalin-10mg-vial?ref=PEPTIDESDECODED","https://rcpeptides.to/uploads/Thymalin_10mg.png","Research Peptides","Thymalin 10mg vial","€40.00"
"https://rcpeptides.to/products/thymosin-alpha-1-10mg-vial?ref=PEPTIDESDECODED","https://rcpeptides.to/uploads/Thymosin_alpha-1_10mg.png","Research Peptides","Thymosin alpha-1 10mg vial","€65.00"
"https://rcpeptides.to/products/ll-37-5mg-vial?ref=PEPTIDESDECODED","https://rcpeptides.to/uploads/LL-375mg.png","Nasal","LL-37 5mg vial","€40.00"
"https://rcpeptides.to/products/5-amino-1-mq-5mg-vial?ref=PEPTIDESDECODED","https://rcpeptides.to/uploads/5-Amino-1-MQ_50mg_injectable.png","Nasal","5-Amino-1-MQ 50mg vial","€60.00"
"https://rcpeptides.to/products/slu-pp-332-5mg-vial?ref=PEPTIDESDECODED","https://rcpeptides.to/uploads/powder-vial_SLU-pp-332_10mg.png","Research Peptides","SLU-pp-332 10mg vial","€80.00"
"https://rcpeptides.to/products/mk677ibutamoren-100x10mg?ref=PEPTIDESDECODED","https://rcpeptides.to/uploads/powder-pouch-mk677ibutamoren-100x10mg.png","Powder","MK677(Ibutamoren) 100x10mg","€65.00"
"https://rcpeptides.to/products/191aa-somatropin-150iu-kit?ref=PEPTIDESDECODED","https://rcpeptides.to/uploads/HGH_kit_150iu.png","GH Analogs and Secretagogues","HGH Somatropin 150iu kit","€225.00"
"https://rcpeptides.to/products/191aa-somatropin-100iu-kit?ref=PEPTIDESDECODED","https://rcpeptides.to/uploads/HGH_kit_100iu.png","GH Analogs and Secretagogues","HGH Somatropin 100iu kit","€175.00"
"https://rcpeptides.to/products/glow-70mg10mg-bpc157-10mg-tb500-50mg-ghk-cu?ref=PEPTIDESDECODED","https://rcpeptides.to/uploads/GLOW_70mg.png","Research Peptides","GLOW 70mg","€115.00"
"https://rcpeptides.to/products/human-chorionic-gonadotropinhcg-5000iu-vial?ref=PEPTIDESDECODED","https://rcpeptides.to/uploads/HCG_5000iu.png","Research Peptides","Human chorionic gonadotropin(HCG) 5000iu vial","€32.50"
"https://rcpeptides.to/products/mk777-10ng?ref=PEPTIDESDECODED","https://rcpeptides.to/uploads/powder-pouch-mk777-10ng.png","Powder","MK777 100x10mg","€70.00"
"https://rcpeptides.to/products/tudca-100x500mg?ref=PEPTIDESDECODED","https://rcpeptides.to/uploads/powder-pouch-tudca-100x500mg.png","Research Materials","TUDCA 100x500mg","€60.00"
"https://rcpeptides.to/products/bioglutide?ref=PEPTIDESDECODED","https://rcpeptides.to/uploads/powder-pouch-bioglutide.png","Powder","Bioglutide 100x100mg","€200.00"
"https://rcpeptides.to/products/ru58841-1g?ref=PEPTIDESDECODED","https://rcpeptides.to/uploads/RU58841_1g.png","Research Peptides","Ru58841 1g","€20.00"
"https://rcpeptides.to/products/klow-80mg-vial?ref=PEPTIDESDECODED","https://rcpeptides.to/uploads/KLOW_80mg.png","Research Peptides","KLOW 80mg vial","€120.00"
"https://rcpeptides.to/products/hmg-75-iu-vial?ref=PEPTIDESDECODED","https://rcpeptides.to/uploads/HMG_75IU.png","Research Peptides","HMG 75 IU vial","€32.50"
"https://rcpeptides.to/products/cartalax-20mg-vial?ref=PEPTIDESDECODED","https://rcpeptides.to/uploads/Cartalax_20mg.png","Bioregulators","Cartalax 20mg vial","€40.00"
"https://rcpeptides.to/products/testagen-20mg-vial?ref=PEPTIDESDECODED","https://rcpeptides.to/uploads/Testagen_20mg.png","Bioregulators","Testagen 20mg vial","€52.50"
"https://rcpeptides.to/products/bronchogen-20mg-vial?ref=PEPTIDESDECODED","https://rcpeptides.to/uploads/Bronchogen_20mg.png","Research Peptides","Bronchogen 20mg vial","€50.00"
"https://rcpeptides.to/products/cardiogen-20mg-vial?ref=PEPTIDESDECODED","https://rcpeptides.to/uploads/Cardiogen_20mg.png","Bioregulators","Cardiogen 20mg vial","€47.50"
"https://rcpeptides.to/products/trevogrumab-10mg?ref=PEPTIDESDECODED","https://rcpeptides.to/uploads/trevogrumab_10mg.png","Monoclonal Antibodies (mAbs)","Trevogrumab (REGN1033 / SAR391786) 10mg","€6500.00"
"https://rcpeptides.to/products/garetosmab-regn2477-10mg?ref=PEPTIDESDECODED","https://rcpeptides.to/uploads/Garetosmab_10mg.png","Monoclonal Antibodies (mAbs)","Garetosmab (REGN2477) 10mg","€5000.00"
"https://rcpeptides.to/products/p21-with-adamantane-10mg-vial?ref=PEPTIDESDECODED","https://rcpeptides.to/uploads/P21_10mg.png","Research Peptides","P21 with adamantane 10mg vial","€70.00"
"https://rcpeptides.to/products/tb500-100x500mcg?ref=PEPTIDESDECODED","https://rcpeptides.to/uploads/powder-pouch-tb500-100x500mcg.png","Research Peptides","TB500 100x500mcg","€100.00"
"https://rcpeptides.to/products/kpv-100x500mcg?ref=PEPTIDESDECODED","https://rcpeptides.to/uploads/KPV_500mcg.png","Research Peptides","KPV 100x500mcg","€125.00"
"https://rcpeptides.to/products/pe-22-28-10mg-vial?ref=PEPTIDESDECODED","https://rcpeptides.to/uploads/PE-22-28_10mg.png","Nootropics","PE-22-28 10mg vial","€40.00"
"https://rcpeptides.to/products/aod9604-10mg-vial?ref=PEPTIDESDECODED","https://rcpeptides.to/uploads/aod9604_10mg.png","GH Analogs and Secretagogues","AOD9604 10mg vial","€50.00"
"https://rcpeptides.to/products/vip-10mg-vial?ref=PEPTIDESDECODED","https://rcpeptides.to/uploads/VIP10mg.png","Research Peptides","VIP 10mg vial","€57.50"
"https://rcpeptides.to/products/vesugen-20mg-vial?ref=PEPTIDESDECODED","https://rcpeptides.to/uploads/Vesugen20mg.png","Bioregulators","Vesugen 20mg vial","€50.00"
"https://rcpeptides.to/products/ovagen-20mg-vial?ref=PEPTIDESDECODED","https://rcpeptides.to/uploads/Ovagen_20mg.png","Bioregulators","Ovagen 20mg vial","€55.00"
"https://rcpeptides.to/products/crystagen-20mg-vial?ref=PEPTIDESDECODED","https://rcpeptides.to/uploads/Crystagen_20mg.png","Bioregulators","Crystagen 20mg vial","€55.00"
"https://rcpeptides.to/products/adamax-10mg-vial?ref=PEPTIDESDECODED","https://rcpeptides.to/uploads/adamax_10mg.png","Research Peptides","Adamax 10mg vial","€55.00"
"https://rcpeptides.to/products/cortagen-20mg-vial?ref=PEPTIDESDECODED","https://rcpeptides.to/uploads/Cortagen_20mg.png","Bioregulators","Cortagen 20mg vial","€50.00"
"https://rcpeptides.to/products/pancragen-20mg-vial?ref=PEPTIDESDECODED","https://rcpeptides.to/uploads/Pancragen20ng.png","Bioregulators","Pancragen 20mg vial","€40.00"
"https://rcpeptides.to/products/matrixyl-10mg-vial?ref=PEPTIDESDECODED","https://rcpeptides.to/uploads/Matrixyl10mg.png","Research Peptides","Matrixyl 10mg vial","€30.00"
"https://rcpeptides.to/products/chonluten-20mg-vial?ref=PEPTIDESDECODED","https://rcpeptides.to/uploads/Chonluten20mg.png","Bioregulators","Chonluten 20mg vial","€45.00"
"https://rcpeptides.to/products/teriparatide-10mg-vial?ref=PEPTIDESDECODED","https://rcpeptides.to/uploads/Teriparatide_10mg.png","Bioregulators","Teriparatide 10mg vial","€80.00"
"https://rcpeptides.to/products/stamulumab-myo-029-10mg?ref=PEPTIDESDECODED","https://rcpeptides.to/uploads/Stamulumab_10mg.png","Monoclonal Antibodies (mAbs)","Stamulumab (MYO-029) 10mg","€4500.00"
"https://rcpeptides.to/products/landogrozumab-ly2495655-10mg?ref=PEPTIDESDECODED","https://rcpeptides.to/uploads/Landogrozumab_10mg.png","Monoclonal Antibodies (mAbs)","Landogrozumab (LY2495655) 10mg","€7000.00"
"https://rcpeptides.to/products/bimagrumab-bym338-10mg?ref=PEPTIDESDECODED","https://rcpeptides.to/uploads/Bimagrumab_10mg.png","Monoclonal Antibodies (mAbs)","Bimagrumab (BYM338) 10mg","€7250.00"
"https://rcpeptides.to/products/sabatolimab-mbg453-10mg?ref=PEPTIDESDECODED","https://rcpeptides.to/uploads/sabatolimab_10mg.png","Monoclonal Antibodies (mAbs)","Sabatolimab (MBG453) 10mg","€5500.00"
"https://rcpeptides.to/products/domagrozumab-pf-06252616-10mg?ref=PEPTIDESDECODED","https://rcpeptides.to/uploads/Domagrozumab_10mg.png","Monoclonal Antibodies (mAbs)","Domagrozumab (PF-06252616) 10mg","€4000.00"
"https://rcpeptides.to/products/tiragolumabrg6058-mtig7192a-10mg?ref=PEPTIDESDECODED","https://rcpeptides.to/uploads/tiragolumab_10mg.png","Monoclonal Antibodies (mAbs)","Tiragolumab(RG6058/MTIG7192A) 10mg","€4500.00"
"https://rcpeptides.to/products/ahk-cu-100mg-vial?ref=PEPTIDESDECODED","https://rcpeptides.to/uploads/AHK-CU100mg.png","Research Peptides","AHK-CU 100mg vial","€52.50"
"https://rcpeptides.to/products/slu-pp-332-100x10mg?ref=PEPTIDESDECODED","https://rcpeptides.to/uploads/powder-pouch-slu-pp-332-100x10mg.png","Powder","SLU-pp-332 100x10mg","€275.00"
"https://rcpeptides.to/products/tesofensine-500mcgx100?ref=PEPTIDESDECODED","https://rcpeptides.to/uploads/powder-pouch-tesofensine-500mcgx100.png","Research Materials","Tesofensine 500mcgx100","€275.00"
"https://rcpeptides.to/products/aicar-100mg?ref=PEPTIDESDECODED","https://rcpeptides.to/uploads/AICAR100mg.png","Research Peptides","AICAR 100mg","€75.00"
"https://rcpeptides.to/products/bac-water-3ml-vial?ref=PEPTIDESDECODED","https://rcpeptides.to/uploads/Bac_water_3ml.png","Research Peptides","BAC water 3ml vial","€5.00"
"https://rcpeptides.to/products/b7-33-10mg-vial?ref=PEPTIDESDECODED","https://rcpeptides.to/uploads/B7-33_10mg.png","Research Peptides","B7-33 10mg vial","€50.00"
"https://rcpeptides.to/products/slu-pp-332-100x5mg?ref=PEPTIDESDECODED","https://rcpeptides.to/uploads/powder-pouch-slu-pp-332-100x5mg.png","Powder","SLU-pp-332 100x5mg","€150.00"
"https://rcpeptides.to/products/melatonin-10mg-vial?ref=PEPTIDESDECODED","https://rcpeptides.to/uploads/Melatonin10mg.png","Nootropics","Melatonin 10mg vial","€50.00"
"https://rcpeptides.to/products/adipotide-5mg-vial?ref=PEPTIDESDECODED","https://rcpeptides.to/uploads/adipotide_5mg.png","GLP","Adipotide 5mg vial","€60.00"
"https://rcpeptides.to/products/glp-3-20mg-vial?ref=PEPTIDESDECODED","https://rcpeptides.to/uploads/retatrutid_20mg.png","GLP","GLP-3 20mg vial","€120.00"
"https://rcpeptides.to/products/glp-3-30mg-vial?ref=PEPTIDESDECODED","https://rcpeptides.to/uploads/retatrutide_30mg.png","GLP","GLP-3 30mg vial","€170.00"